claim_id,value,units,subset,aggregation,experiment_phase,source_path,manuscript_locations,note
nc1.R_J.median.nonnormal,0.9993635240837242,"dimensionless, Fisher/Rayleigh efficiency in [0,1], NOT accuracy","writer_type=nonnormal, isolated, horizon=H_train=128, direction=v_learn",median of per-carrier medians; carrier draw is the independent unit; 16 carriers,NC-1/NC-2 confirmatory,results/confirmatory/CELL_LEVEL.csv,"Results 7.2, Abstract",R_J near 0.999 must never be described as 99.9% accuracy
nc1.A_sub.median.nonnormal,0.9986084138883538,"dimensionless in [0,1]","writer_type=nonnormal, isolated, horizon=128, direction=v_learn","median of per-carrier medians, 16 carriers",NC-1/NC-2 confirmatory,results/confirmatory/CELL_LEVEL.csv,Results 7.2,
nc1.calibration_mae.nonnormal,0.0019598664053422123,accuracy difference,"writer_type=nonnormal, ALL directions, both storage conditions, all evaluated horizons","pooled mean over 22080 rows, NOT a carrier-level statistic",NC-1/NC-2 confirmatory,results/confirmatory/DIRECTION_ROWS.csv,"Results 7.3, Abstract",
nc1.calibration_slope.nonnormal,1.0068205977967382,dimensionless,"writer_type=nonnormal, same population as the MAE row",pooled OLS over 22080 rows,NC-1/NC-2 confirmatory,results/confirmatory/DIRECTION_ROWS.csv,Results 7.3,
nc1.random_baseline_R_J.median.nonnormal,0.1443675973141586,dimensionless,"writer_type=nonnormal, isolated, horizon=128, direction=v_random_*","median of per-carrier medians, 16 carriers",NC-1/NC-2 confirmatory,results/confirmatory/DIRECTION_ROWS.csv,Results 7.2,the comparator that makes R_J ~ 0.999 non-trivial
nc1.R_J.median.normal,0.9989059840551345,"dimensionless, Fisher/Rayleigh efficiency in [0,1], NOT accuracy","writer_type=normal, isolated, horizon=H_train=128, direction=v_learn",median of per-carrier medians; carrier draw is the independent unit; 16 carriers,NC-1/NC-2 confirmatory,results/confirmatory/CELL_LEVEL.csv,"Results 7.2, Abstract",R_J near 0.999 must never be described as 99.9% accuracy
nc1.A_sub.median.normal,0.9961406476323488,"dimensionless in [0,1]","writer_type=normal, isolated, horizon=128, direction=v_learn","median of per-carrier medians, 16 carriers",NC-1/NC-2 confirmatory,results/confirmatory/CELL_LEVEL.csv,Results 7.2,
nc1.calibration_mae.normal,0.001894967177104048,accuracy difference,"writer_type=normal, ALL directions, both storage conditions, all evaluated horizons","pooled mean over 22080 rows, NOT a carrier-level statistic",NC-1/NC-2 confirmatory,results/confirmatory/DIRECTION_ROWS.csv,"Results 7.3, Abstract",
nc1.calibration_slope.normal,1.0091667690457682,dimensionless,"writer_type=normal, same population as the MAE row",pooled OLS over 22080 rows,NC-1/NC-2 confirmatory,results/confirmatory/DIRECTION_ROWS.csv,Results 7.3,
nc1.random_baseline_R_J.median.normal,0.2620547103933188,dimensionless,"writer_type=normal, isolated, horizon=128, direction=v_random_*","median of per-carrier medians, 16 carriers",NC-1/NC-2 confirmatory,results/confirmatory/DIRECTION_ROWS.csv,Results 7.2,the comparator that makes R_J ~ 0.999 non-trivial
nc1.J_range.all_rows_orders,31.950131073747322,orders of magnitude,ALL 44160 direction rows including v_bottom,pooled min and max,NC-1/NC-2 confirmatory,results/confirmatory/DIRECTION_ROWS.csv,NOT FOR USE,MEANINGLESS as a range: it pools the null-direction rows with the rest. Those rows are round-off residuals under isolation and small leaked values under open coupling (see nc1.v_bottom.J.*). Recorded so the number cannot be quoted innocently.
nc1.J_range.nonnull_orders,4.226746280715374,orders of magnitude,"all direction rows EXCLUDING v_bottom, J > 0",pooled min 1.8813e-05 and max 3.1710e-01 over 43840 rows,NC-1/NC-2 confirmatory,results/confirmatory/DIRECTION_ROWS.csv,"Results 7.3, Abstract","THE figure to quote. Supersedes the 'twelve orders of magnitude' in the first issue of RESULTS_20260918_EN.md, which was read off a figure axis."
nc1.v_bottom.J,4.171447123878251e-06,Fisher information,"direction=v_bottom, all conditions and horizons",pooled median,NC-1/NC-2 confirmatory,results/confirmatory/DIRECTION_ROWS.csv,NOT FOR USE,"NOT FOR USE, corrected 2026-09-23: a median pooled over the isolated and open populations, which do not overlap, so it falls between them and describes neither. v2.0 and v2.1 described the null direction as J = 0 in every row; that holds only under isolation. Use nc1.v_bottom.J.isolated.* and nc1.v_bottom.J.open.*."
nc1.v_bottom.J.isolated.median,1.859762241974572e-32,Fisher information,"direction=v_bottom, condition=isolated, all horizons, 160 rows",median over rows,NC-1/NC-2 confirmatory,results/confirmatory/DIRECTION_ROWS.csv,Results 7.3 null control,round-off residual in the exact kernel; reported as analytically zero
nc1.v_bottom.J.isolated.max,1.5258942213067757e-30,Fisher information,"direction=v_bottom, condition=isolated, all horizons, 160 rows",maximum over rows,NC-1/NC-2 confirmatory,results/confirmatory/DIRECTION_ROWS.csv,Results 7.3 null control,round-off residual in the exact kernel
nc1.v_bottom.J.open.min,8.342894247756501e-06,Fisher information,"direction=v_bottom, condition=open, all horizons, 160 rows",minimum over rows,NC-1/NC-2 confirmatory,results/confirmatory/DIRECTION_ROWS.csv,Results 7.3 null control,"leaked information under open coupling, not kernel information of the isolated operator"
nc1.v_bottom.J.open.max,0.007132921458438037,Fisher information,"direction=v_bottom, condition=open, all horizons, 160 rows",maximum over rows,NC-1/NC-2 confirmatory,results/confirmatory/DIRECTION_ROWS.csv,Results 7.3 null control,leaked information under open coupling
nc1.decay.along_horizon.paired_median.nonnormal,118.34517455382324,dimensionless ratio,"writer_type=nonnormal, condition=open, direction=v_learn, H=64 vs H=4096","median of PAIRED per-carrier ratios, 16 carriers; IQR [85.4, 160.2]",NC-1/NC-2 confirmatory,results/confirmatory/RETENTION_ROWS.csv,Results 7.5,THE along-horizon figure. Never write that continued coupling caused a 580-fold decline from H=64 to H=4096.
nc1.decay.along_horizon.ratio_of_medians.nonnormal,130.53461181152306,dimensionless ratio,"writer_type=nonnormal, condition=open","RATIO OF POOLED MEDIANS, not a paired statistic",NC-1/NC-2 confirmatory,results/confirmatory/RETENTION_ROWS.csv,Supplement only,differs from the paired median; recorded so the two cannot be conflated
nc1.contrast.isolated_over_open_at_4096.paired_median.nonnormal,520.3980041677177,dimensionless ratio,"writer_type=nonnormal, direction=v_learn, both arms at H=4096","median of PAIRED per-carrier ratios, 16 carriers; IQR [367.1, 666.4]",NC-1/NC-2 confirmatory,results/confirmatory/RETENTION_ROWS.csv,Results 7.5,THIS is the quantity the '580' figure belongs to. Per writer type; never pooled.
nc1.contrast.isolated_over_open_at_4096.ratio_of_medians.nonnormal,580.7141376742453,dimensionless ratio,writer_type=nonnormal,RATIO OF POOLED MEDIANS,NC-1/NC-2 confirmatory,results/confirmatory/RETENTION_ROWS.csv,Supplement only,COLLISION HAZARD: the normal writer's value here equals the non-normal writer's paired median to one decimal. Always print writer type and aggregation together.
nc1.isolated_J.pooled_median.nonnormal,0.25525904777924,Fisher information,"writer_type=nonnormal, condition=isolated, direction=v_learn, any H (J is horizon-invariant)",pooled median over 16 carriers x 5 seeds = 80 rows,NC-1/NC-2 confirmatory,results/confirmatory/RETENTION_ROWS.csv,Results 7.5,supersedes the values 0.2205 / 0.1466 quoted in VERIFICATION_OF_COMPLETED_RUN as medians: those were single arbitrary rows produced by a dict keyed on horizon
nc1.decay.along_horizon.paired_median.normal,119.31343245496596,dimensionless ratio,"writer_type=normal, condition=open, direction=v_learn, H=64 vs H=4096","median of PAIRED per-carrier ratios, 16 carriers; IQR [83.4, 199.7]",NC-1/NC-2 confirmatory,results/confirmatory/RETENTION_ROWS.csv,Results 7.5,THE along-horizon figure. Never write that continued coupling caused a 580-fold decline from H=64 to H=4096.
nc1.decay.along_horizon.ratio_of_medians.normal,133.61582589131513,dimensionless ratio,"writer_type=normal, condition=open","RATIO OF POOLED MEDIANS, not a paired statistic",NC-1/NC-2 confirmatory,results/confirmatory/RETENTION_ROWS.csv,Supplement only,differs from the paired median; recorded so the two cannot be conflated
nc1.contrast.isolated_over_open_at_4096.paired_median.normal,486.8847399618736,dimensionless ratio,"writer_type=normal, direction=v_learn, both arms at H=4096","median of PAIRED per-carrier ratios, 16 carriers; IQR [324.3, 877.2]",NC-1/NC-2 confirmatory,results/confirmatory/RETENTION_ROWS.csv,Results 7.5,THIS is the quantity the '580' figure belongs to. Per writer type; never pooled.
nc1.contrast.isolated_over_open_at_4096.ratio_of_medians.normal,520.3598525038805,dimensionless ratio,writer_type=normal,RATIO OF POOLED MEDIANS,NC-1/NC-2 confirmatory,results/confirmatory/RETENTION_ROWS.csv,Supplement only,COLLISION HAZARD: the normal writer's value here equals the non-normal writer's paired median to one decimal. Always print writer type and aggregation together.
nc1.isolated_J.pooled_median.normal,0.14056162764734287,Fisher information,"writer_type=normal, condition=isolated, direction=v_learn, any H (J is horizon-invariant)",pooled median over 16 carriers x 5 seeds = 80 rows,NC-1/NC-2 confirmatory,results/confirmatory/RETENTION_ROWS.csv,Results 7.5,supersedes the values 0.2205 / 0.1466 quoted in VERIFICATION_OF_COMPLETED_RUN as medians: those were single arbitrary rows produced by a dict keyed on horizon
nc1.decoder.fixed_at_train.nonnormal,0.77179,accuracy,"writer_type=nonnormal, isolated, H = H_train = 128, learned direction, its own trained readout",pooled median over 16 carriers x 5 seeds (x 4 horizons for the 'away' rows),NC-1/NC-2 confirmatory,results/confirmatory/VERDICT.json,Results 7.6,FINAL run values. The figures 0.7728 and 0.5067 quoted earlier came from an intermediate rehearsal and must not appear.
nc1.decoder.recal_at_train.nonnormal,0.77596,accuracy,"writer_type=nonnormal, isolated, H = 128, learned direction, readout refit on an independent calibration sample",pooled median over 16 carriers x 5 seeds (x 4 horizons for the 'away' rows),NC-1/NC-2 confirmatory,results/confirmatory/VERDICT.json,Results 7.6,FINAL run values. The figures 0.7728 and 0.5067 quoted earlier came from an intermediate rehearsal and must not appear.
nc1.decoder.fixed_away.nonnormal,0.50293,accuracy,"writer_type=nonnormal, isolated, H in {64,256,1024,4096}, learned direction, readout frozen at H=128",pooled median over 16 carriers x 5 seeds (x 4 horizons for the 'away' rows),NC-1/NC-2 confirmatory,results/confirmatory/VERDICT.json,Results 7.6,FINAL run values. The figures 0.7728 and 0.5067 quoted earlier came from an intermediate rehearsal and must not appear.
nc1.decoder.recal_away.nonnormal,0.77463,accuracy,"writer_type=nonnormal, isolated, H in {64,256,1024,4096}, learned direction, readout refit at each horizon",pooled median over 16 carriers x 5 seeds (x 4 horizons for the 'away' rows),NC-1/NC-2 confirmatory,results/confirmatory/VERDICT.json,Results 7.6,FINAL run values. The figures 0.7728 and 0.5067 quoted earlier came from an intermediate rehearsal and must not appear.
nc1.decoder.fixed_at_train.normal,0.71139,accuracy,"writer_type=normal, isolated, H = H_train = 128, learned direction, its own trained readout",pooled median over 16 carriers x 5 seeds (x 4 horizons for the 'away' rows),NC-1/NC-2 confirmatory,results/confirmatory/VERDICT.json,Results 7.6,FINAL run values. The figures 0.7728 and 0.5067 quoted earlier came from an intermediate rehearsal and must not appear.
nc1.decoder.recal_at_train.normal,0.71362,accuracy,"writer_type=normal, isolated, H = 128, learned direction, readout refit on an independent calibration sample",pooled median over 16 carriers x 5 seeds (x 4 horizons for the 'away' rows),NC-1/NC-2 confirmatory,results/confirmatory/VERDICT.json,Results 7.6,FINAL run values. The figures 0.7728 and 0.5067 quoted earlier came from an intermediate rehearsal and must not appear.
nc1.decoder.fixed_away.normal,0.51364,accuracy,"writer_type=normal, isolated, H in {64,256,1024,4096}, learned direction, readout frozen at H=128",pooled median over 16 carriers x 5 seeds (x 4 horizons for the 'away' rows),NC-1/NC-2 confirmatory,results/confirmatory/VERDICT.json,Results 7.6,FINAL run values. The figures 0.7728 and 0.5067 quoted earlier came from an intermediate rehearsal and must not appear.
nc1.decoder.recal_away.normal,0.7128300000000001,accuracy,"writer_type=normal, isolated, H in {64,256,1024,4096}, learned direction, readout refit at each horizon",pooled median over 16 carriers x 5 seeds (x 4 horizons for the 'away' rows),NC-1/NC-2 confirmatory,results/confirmatory/VERDICT.json,Results 7.6,FINAL run values. The figures 0.7728 and 0.5067 quoted earlier came from an intermediate rehearsal and must not appear.
nc3c.R_own.median.t0.nonnormal,0.9994479664281655,dimensionless efficiency,"writer_type=nonnormal, objective t_0=0, direction trained on that objective","median of per-carrier medians, 16 carriers",NC-3C confirmatory,results/nc3c/CELL_LEVEL.csv,"Results 7.4, Abstract",
nc3c.C.median.t0.nonnormal,0.9990330239845915,dimensionless,"writer_type=nonnormal, objective t_0=0, carriers with G* > 0.02",median of PAIRED per-carrier ratios over 16 usable carriers,NC-3C confirmatory,results/nc3c/CELL_LEVEL.csv,Results 7.4,
nc3c.G_star.median.t0.nonnormal,0.239323975837754,dimensionless,"writer_type=nonnormal, objective t_0=0","median over 16 carriers, pre-training quantity",NC-3C confirmatory,results/nc3c/CELL_LEVEL.csv,Results 7.4,CONFIRMATORY geometry. The preliminary 0.41/0.35 and minimum 0.117 were EXPLORATORY draws 800-807 and belong only to the feasibility statement.
nc3c.R_own.median.t12.nonnormal,0.9994481251611345,dimensionless efficiency,"writer_type=nonnormal, objective t_0=12, direction trained on that objective","median of per-carrier medians, 16 carriers",NC-3C confirmatory,results/nc3c/CELL_LEVEL.csv,"Results 7.4, Abstract",
nc3c.C.median.t12.nonnormal,1.0009822275575795,dimensionless,"writer_type=nonnormal, objective t_0=12, carriers with G* > 0.02",median of PAIRED per-carrier ratios over 16 usable carriers,NC-3C confirmatory,results/nc3c/CELL_LEVEL.csv,Results 7.4,
nc3c.G_star.median.t12.nonnormal,0.2089687454026538,dimensionless,"writer_type=nonnormal, objective t_0=12","median over 16 carriers, pre-training quantity",NC-3C confirmatory,results/nc3c/CELL_LEVEL.csv,Results 7.4,CONFIRMATORY geometry. The preliminary 0.41/0.35 and minimum 0.117 were EXPLORATORY draws 800-807 and belong only to the feasibility statement.
nc3c.diag_diff.median.t0.nonnormal,0.23529897394538268,dimensionless,"writer_type=nonnormal, objective t_0=0","median of paired per-carrier differences, 16 carriers; paired 95% bootstrap CI [0.1367, 0.4068]",NC-3C confirmatory,results/nc3c/CELL_LEVEL.csv,Results 7.4,
nc3c.diag_diff.median.t12.nonnormal,0.21256812533321257,dimensionless,"writer_type=nonnormal, objective t_0=12","median of paired per-carrier differences, 16 carriers; paired 95% bootstrap CI [0.1789, 0.3635]",NC-3C confirmatory,results/nc3c/CELL_LEVEL.csv,Results 7.4,
nc3c.R_own.median.t0.normal,0.9988472848727353,dimensionless efficiency,"writer_type=normal, objective t_0=0, direction trained on that objective","median of per-carrier medians, 16 carriers",NC-3C confirmatory,results/nc3c/CELL_LEVEL.csv,"Results 7.4, Abstract",
nc3c.C.median.t0.normal,0.9996841072163651,dimensionless,"writer_type=normal, objective t_0=0, carriers with G* > 0.02",median of PAIRED per-carrier ratios over 16 usable carriers,NC-3C confirmatory,results/nc3c/CELL_LEVEL.csv,Results 7.4,
nc3c.G_star.median.t0.normal,0.5095350946630175,dimensionless,"writer_type=normal, objective t_0=0","median over 16 carriers, pre-training quantity",NC-3C confirmatory,results/nc3c/CELL_LEVEL.csv,Results 7.4,CONFIRMATORY geometry. The preliminary 0.41/0.35 and minimum 0.117 were EXPLORATORY draws 800-807 and belong only to the feasibility statement.
nc3c.R_own.median.t12.normal,0.9987433162477355,dimensionless efficiency,"writer_type=normal, objective t_0=12, direction trained on that objective","median of per-carrier medians, 16 carriers",NC-3C confirmatory,results/nc3c/CELL_LEVEL.csv,"Results 7.4, Abstract",
nc3c.C.median.t12.normal,0.9986517030925747,dimensionless,"writer_type=normal, objective t_0=12, carriers with G* > 0.02",median of PAIRED per-carrier ratios over 16 usable carriers,NC-3C confirmatory,results/nc3c/CELL_LEVEL.csv,Results 7.4,
nc3c.G_star.median.t12.normal,0.44554057518239076,dimensionless,"writer_type=normal, objective t_0=12","median over 16 carriers, pre-training quantity",NC-3C confirmatory,results/nc3c/CELL_LEVEL.csv,Results 7.4,CONFIRMATORY geometry. The preliminary 0.41/0.35 and minimum 0.117 were EXPLORATORY draws 800-807 and belong only to the feasibility statement.
nc3c.diag_diff.median.t0.normal,0.5114401813172595,dimensionless,"writer_type=normal, objective t_0=0","median of paired per-carrier differences, 16 carriers; paired 95% bootstrap CI [0.4511, 0.6243]",NC-3C confirmatory,results/nc3c/CELL_LEVEL.csv,Results 7.4,
nc3c.diag_diff.median.t12.normal,0.44117686796342515,dimensionless,"writer_type=normal, objective t_0=12","median of paired per-carrier differences, 16 carriers; paired 95% bootstrap CI [0.3957, 0.5027]",NC-3C confirmatory,results/nc3c/CELL_LEVEL.csv,Results 7.4,
nc3c.G_star.min_across_all_cells,0.06025888770013066,dimensionless,"both writer types, both objectives, 16 carriers",pooled minimum of 64 values,NC-3C confirmatory,results/nc3c/CELL_LEVEL.csv,Results 7.4,no cell fell below the frozen 0.02 negligibility threshold
nc3c_b2.R_own.median.t0.nonnormal,0.9994399449326963,dimensionless Rayleigh efficiency,"block 16..31, writer nonnormal, objective t0=0",median of per-carrier medians,nc3c_block2_confirmatory,results/nc3c_block2_20260920/CELL_LEVEL.csv,section 7.4.1,
nc3c_b2.G_star.median.t0.nonnormal,0.2583999420873395,dimensionless,"block 16..31, writer nonnormal, objective t0=0",median over carriers,nc3c_block2_confirmatory,results/nc3c_block2_20260920/VERDICT.json,section 7.4.1,
nc3c_b2.G_learn.median.t0.nonnormal,0.2596891675095007,dimensionless,"block 16..31, writer nonnormal, objective t0=0",bootstrap point over carriers,nc3c_block2_confirmatory,results/nc3c_block2_20260920/VERDICT.json,section 7.4.1,
nc3c_b2.C.median.t0.nonnormal,1.0005029706101096,dimensionless,"block 16..31, writer nonnormal, objective t0=0, 16 usable carriers",median of per-carrier values,nc3c_block2_confirmatory,results/nc3c_block2_20260920/CELL_LEVEL.csv,section 7.4.1,
nc3c_b2.R_own.median.t12.nonnormal,0.999474284801209,dimensionless Rayleigh efficiency,"block 16..31, writer nonnormal, objective t0=12",median of per-carrier medians,nc3c_block2_confirmatory,results/nc3c_block2_20260920/CELL_LEVEL.csv,section 7.4.1,
nc3c_b2.G_star.median.t12.nonnormal,0.2921999653904703,dimensionless,"block 16..31, writer nonnormal, objective t0=12",median over carriers,nc3c_block2_confirmatory,results/nc3c_block2_20260920/VERDICT.json,section 7.4.1,
nc3c_b2.G_learn.median.t12.nonnormal,0.2904380656558922,dimensionless,"block 16..31, writer nonnormal, objective t0=12",bootstrap point over carriers,nc3c_block2_confirmatory,results/nc3c_block2_20260920/VERDICT.json,section 7.4.1,
nc3c_b2.C.median.t12.nonnormal,0.9983965152799621,dimensionless,"block 16..31, writer nonnormal, objective t0=12, 16 usable carriers",median of per-carrier values,nc3c_block2_confirmatory,results/nc3c_block2_20260920/CELL_LEVEL.csv,section 7.4.1,
nc3c_b2.diagonal_dominance.both_strict_draws.nonnormal,16,carriers,"block 16..31, writer nonnormal",count over 16 carriers,nc3c_block2_confirmatory,results/nc3c_block2_20260920/VERDICT.json,section 7.4.1,
nc3c_b2.R_own.median.t0.normal,0.9988909560267274,dimensionless Rayleigh efficiency,"block 16..31, writer normal, objective t0=0",median of per-carrier medians,nc3c_block2_confirmatory,results/nc3c_block2_20260920/CELL_LEVEL.csv,section 7.4.1,
nc3c_b2.G_star.median.t0.normal,0.44108088492611824,dimensionless,"block 16..31, writer normal, objective t0=0",median over carriers,nc3c_block2_confirmatory,results/nc3c_block2_20260920/VERDICT.json,section 7.4.1,
nc3c_b2.G_learn.median.t0.normal,0.45085526411740634,dimensionless,"block 16..31, writer normal, objective t0=0",bootstrap point over carriers,nc3c_block2_confirmatory,results/nc3c_block2_20260920/VERDICT.json,section 7.4.1,
nc3c_b2.C.median.t0.normal,0.9974908661557202,dimensionless,"block 16..31, writer normal, objective t0=0, 16 usable carriers",median of per-carrier values,nc3c_block2_confirmatory,results/nc3c_block2_20260920/CELL_LEVEL.csv,section 7.4.1,
nc3c_b2.R_own.median.t12.normal,0.9986631529963166,dimensionless Rayleigh efficiency,"block 16..31, writer normal, objective t0=12",median of per-carrier medians,nc3c_block2_confirmatory,results/nc3c_block2_20260920/CELL_LEVEL.csv,section 7.4.1,
nc3c_b2.G_star.median.t12.normal,0.45806061549326055,dimensionless,"block 16..31, writer normal, objective t0=12",median over carriers,nc3c_block2_confirmatory,results/nc3c_block2_20260920/VERDICT.json,section 7.4.1,
nc3c_b2.G_learn.median.t12.normal,0.46129240253384207,dimensionless,"block 16..31, writer normal, objective t0=12",bootstrap point over carriers,nc3c_block2_confirmatory,results/nc3c_block2_20260920/VERDICT.json,section 7.4.1,
nc3c_b2.C.median.t12.normal,0.9968589924308698,dimensionless,"block 16..31, writer normal, objective t0=12, 16 usable carriers",median of per-carrier values,nc3c_block2_confirmatory,results/nc3c_block2_20260920/CELL_LEVEL.csv,section 7.4.1,
nc3c_b2.diagonal_dominance.both_strict_draws.normal,16,carriers,"block 16..31, writer normal",count over 16 carriers,nc3c_block2_confirmatory,results/nc3c_block2_20260920/VERDICT.json,section 7.4.1,
nc3c_b2.G_star.min_across_all_cells,0.08027489623627126,dimensionless,"block 16..31, both writer types, both objectives",minimum,nc3c_block2_confirmatory,results/nc3c_block2_20260920/CELL_LEVEL.csv,section 7.4.1,
nc3c_b2.verdict.overall,FULL_PASS,verdict string,block 16..31,not an aggregation,nc3c_block2_confirmatory,results/nc3c_block2_20260920/VERDICT.json,section 7.4.1,
nc3c_b2.valid_cells,32,cells,block 16..31,count over 32 cells,nc3c_block2_confirmatory,results/nc3c_block2_20260920/RUN_RECEIPT.json,section 7.4.1,"the first execution of this block returned 0 of 32 valid on an instrument that could not fail, and persisted no data row; it was repaired and rerun once"
nc3c_b2.freshness.fresh,True,boolean,block 16..31 against the completed lane and every prior NC-3C draw,not an aggregation,nc3c_block2_preflight,results/nc3c_block2_20260920/FRESHNESS_AUDIT.json,section 7.4.1,
parity.cpu_cuda.worst_R_J_difference,6.962357357309656e-10,dimensionless,"4 PILOT cells (draws 900, 901 x 2 writer types), 2000 training steps",maximum over 4 cells,implementation parity,results/parity/CROSS_IMPLEMENTATION_PARITY.json,Supplement S1,NOT a full-matrix independent reproduction. The medians 0.999376 / 0.999328 belong to a throughput benchmark on a pilot draw and stay out of the confirmatory paragraph.
parity.scan.worst_relative_transfer_residual,4.570413139611107e-13,relative error,32 cells: 4 carrier draws x 2 writer types x 4 horizons,maximum over 32 cells,implementation parity,results/parity/SCAN_PARITY.json,Supplement S1,
parity.transport.worst_logit_difference,7.993605777301127e-15,logit units,"32 rows: 4 carrier draws x 2 writer types x 4 horizons, 50000 shared episodes each",maximum over all rows and episodes,implementation parity,results/parity/DECODER_TRANSPORT_PARITY.json,"Results 7.6, Abstract",Uses the SAME sampled training-horizon episodes transported by the known hold and the inverse-adjoint decoder. Verifies a pointwise coordinate identity. It is not an independent discovery about biological or general neural forgetting.
parity.transport.worst_accuracy_restoration_error,0.0,accuracy,same 32 rows,maximum over rows,implementation parity,results/parity/DECODER_TRANSPORT_PARITY.json,Results 7.6,
