draw_index,writer_type,lambda_max_M_old,eigengap_ratio,leading_subspace_dim,oracle_accuracy,random_accuracy_median,seed_index,rayleigh_efficiency,subspace_alignment,cosine_to_v_old,accuracy,behavioral_efficiency,final_loss,clip_events,clip_fraction,grad_norm_median,grad_norm_max,best_validation_step,best_validation_accuracy,best_validation_rayleigh
0,normal,0.1409407124853293,0.8708856396084403,1,0.71066,0.6188400000000001,0,0.9995802876161126,0.9985772537169224,0.999288373652432,0.7149,1.0461773034197346,0.5665893367327393,10798,0.8998333333333334,1.3585424690143857,3.1753703039163277,3000,0.71,0.9979445726680193
0,normal,0.1409407124853293,0.8708856396084403,1,0.71066,0.6188400000000001,1,0.9990634817848081,0.9971583527097915,0.9985781655482917,0.71048,0.9980396427793513,0.5537916219052426,10836,0.903,1.3094150085234677,3.2534001742475587,8000,0.7163,0.9990614647957874
0,normal,0.1409407124853293,0.8708856396084403,1,0.71066,0.6188400000000001,2,0.9989970474093477,0.9959816227503605,0.997988788890116,0.71512,1.0485732955783056,0.5875870652813096,10855,0.9045833333333333,1.356175996969794,3.097901140381446,2000,0.7101,0.9963834224752899
0,normal,0.1409407124853293,0.8708856396084403,1,0.71066,0.6188400000000001,3,0.998405650138646,0.9940417687912921,0.997016433561299,0.71024,0.995425833151819,0.5688697112601304,10903,0.9085833333333333,1.337153883891557,2.7923618215865176,4000,0.7163,0.9982312626688342
0,normal,0.1409407124853293,0.8708856396084403,1,0.71066,0.6188400000000001,4,0.9987402848114728,0.994208085044776,0.9970998370498192,0.71196,1.0141581354824665,0.5657129227829094,10829,0.9024166666666666,1.3482813308854207,2.9873239964354785,11000,0.7154,0.9992244114546943
0,nonnormal,0.1940343344774588,0.9225881155127963,1,0.74284,0.60336,0,0.998864872044786,0.9920784501336837,0.9960313499753327,0.74184,0.992830513335246,0.519409808305825,12000,1.0,3.1332982129862166,5.932510046161595,9000,0.7476,0.999142822575247
0,nonnormal,0.1940343344774588,0.9225881155127963,1,0.74284,0.60336,1,0.9995519146945926,0.9978782653357062,0.9989385693503411,0.74276,0.9994264410668199,0.5005335700138265,12000,1.0,3.172307915042178,8.224908301376038,4000,0.7462,0.9994756323498197
0,nonnormal,0.1940343344774588,0.9225881155127963,1,0.74284,0.60336,2,0.9990597358146601,0.9947891037325105,0.9973911488139999,0.74314,1.002150845999427,0.5058044525069253,11998,0.9998333333333334,3.059406743320557,6.232267556340674,5000,0.7467,0.9996561004865143
0,nonnormal,0.1940343344774588,0.9225881155127963,1,0.74284,0.60336,3,0.9993413822338705,0.9965580412430537,0.9982775371824479,0.7493,1.0463148838543161,0.4931072164311462,12000,1.0,3.1221897773977423,6.140472142945242,11000,0.7459,0.9995933455436186
0,nonnormal,0.1940343344774588,0.9225881155127963,1,0.74284,0.60336,4,0.9995253541760462,0.998940438918525,0.9994700790511565,0.74256,0.997992543733869,0.4900709730504892,12000,1.0,3.0796114033733586,7.59814546211532,11000,0.7474,0.999221441870909
1,normal,0.12405690050823845,0.9194806086266948,1,0.70302,0.60605,0,0.9992992162225649,0.9966952708092441,0.9983462679898414,0.70362,1.0061874806641233,0.5507083191508315,10944,0.912,1.4110930340604306,2.187636000970274,1000,0.6998,0.9976504732229988
1,normal,0.12405690050823845,0.9194806086266948,1,0.70302,0.60605,1,0.9979600612422731,0.9902910245276806,0.9951336716882213,0.70248,0.9944312674022895,0.5884825187415746,10897,0.9080833333333334,1.3539568567704374,2.3841359215754014,4000,0.6994,0.9981429376563544
1,normal,0.12405690050823845,0.9194806086266948,1,0.70302,0.60605,2,0.9991525403443533,0.9940095335101663,0.9970002675577205,0.70214,0.9909250283592864,0.5551106269878104,10968,0.914,1.3695683493788031,2.5811138589661793,7000,0.7097,0.9990051597918141
1,normal,0.12405690050823845,0.9194806086266948,1,0.70302,0.60605,3,0.9983629146314015,0.9903177835106428,0.9951471165162681,0.70324,1.0022687429101784,0.6172711718591783,10903,0.9085833333333333,1.3279403206404028,2.396306145615713,4000,0.7101,0.9979786401024574
1,normal,0.12405690050823845,0.9194806086266948,1,0.70302,0.60605,4,0.9992626857833059,0.9977830520435471,0.9988909109825492,0.70334,1.003299989687532,0.566299272117976,10943,0.9119166666666667,1.3598076070723952,2.185086850715367,10000,0.6978,0.9984380806283965
1,nonnormal,0.1952038672991681,0.8467044263292398,1,0.74604,0.60519,0,0.9991199112084714,0.9975236849821814,0.998761075023542,0.74564,0.9971600993965206,0.5364751393081201,12000,1.0,2.9402387304256687,5.760843947014251,6000,0.7439,0.9992401933702185
1,nonnormal,0.1952038672991681,0.8467044263292398,1,0.74604,0.60519,1,0.999054142591972,0.9976416452501738,0.9988201265744368,0.74744,1.0099396521121757,0.4892628004045191,12000,1.0,3.0397309526694567,5.117443499224479,3000,0.7447,0.9987960378887165
1,nonnormal,0.1952038672991681,0.8467044263292398,1,0.74604,0.60519,2,0.9996726212730964,0.9991809657282078,0.9995903989776052,0.74736,1.0093716719914803,0.5343639829373705,12000,1.0,2.9679607238407772,5.316645872790648,8000,0.7411,0.9994579784096053
1,nonnormal,0.1952038672991681,0.8467044263292398,1,0.74604,0.60519,3,0.9995566094018621,0.9992296699245823,0.9996147607576542,0.74696,1.0065317713880009,0.4795145628235205,12000,1.0,2.981805342879161,5.581923443421052,12000,0.7423,0.9995566094018621
1,nonnormal,0.1952038672991681,0.8467044263292398,1,0.74604,0.60519,4,0.9989306135051923,0.9969995520559525,0.9984986490005645,0.74722,1.0083777067802624,0.5395564865269358,11999,0.9999166666666667,2.9545278708067553,5.04312693469244,11000,0.744,0.9991714630746298
2,normal,0.14397532554493073,0.9496067924317956,1,0.7144,0.61395,0,0.9985845694835834,0.9902980560849903,0.9951372046532028,0.71758,1.0316575410652062,0.5644012208007,11410,0.9508333333333333,1.448797794969314,2.1371196650728823,12000,0.7169,0.9985845694835834
2,normal,0.14397532554493073,0.9496067924317956,1,0.7144,0.61395,1,0.9988854730716061,0.9974899158523514,0.9987441693708912,0.71438,0.9998008959681431,0.5562863136552366,11340,0.945,1.4791082583330961,2.5216610489747544,9000,0.7191,0.9991452165807249
2,normal,0.14397532554493073,0.9496067924317956,1,0.7144,0.61395,2,0.9988144311042543,0.9960896054806011,0.9980428875958193,0.7136,0.992035838725734,0.5366336183308892,11386,0.9488333333333333,1.458242002782031,2.979511568535067,7000,0.7181,0.9986467598474771
2,normal,0.14397532554493073,0.9496067924317956,1,0.7144,0.61395,3,0.999309034668386,0.997405095070114,0.9987017047497786,0.71364,0.9924340467894477,0.5664315157105108,11419,0.9515833333333333,1.4813275227451983,3.473954640855663,11000,0.7162,0.9990887875104064
2,normal,0.14397532554493073,0.9496067924317956,1,0.7144,0.61395,4,0.9988218647056891,0.9953722251501333,0.997683429325221,0.71374,0.9934295669487307,0.5283714386120892,11399,0.9499166666666666,1.499086202596105,2.332338162607725,12000,0.7172,0.9988218647056891
2,nonnormal,0.21134051455733738,0.902940709934185,1,0.7585,0.61436,0,0.9994083176528173,0.9985880868615621,0.9992937940673714,0.7535,0.9653115027057028,0.5290677857513482,11995,0.9995833333333334,2.8204836653052663,6.409833773507469,2000,0.7564,0.998509441081664
2,nonnormal,0.21134051455733738,0.902940709934185,1,0.7585,0.61436,1,0.9994462126603272,0.9964827718334538,0.9982398368295335,0.75838,0.9991674760649376,0.527905969892437,12000,1.0,2.822101557037258,8.601797805772334,1000,0.7599,0.9987793712804384
2,nonnormal,0.21134051455733738,0.902940709934185,1,0.7585,0.61436,2,0.9990893305907587,0.995544058580664,0.9977695418184822,0.7584,0.9993062300541141,0.5142909204515981,11999,0.9999166666666667,2.696173337032405,6.3204513134035025,2000,0.7606,0.9986985234552471
2,nonnormal,0.21134051455733738,0.902940709934185,1,0.7585,0.61436,3,0.9995218587351948,0.9992833223933678,0.9996415969703181,0.75354,0.9655890106840574,0.5010445737998702,11998,0.9998333333333334,2.8617143521900736,9.031944312262754,4000,0.7583,0.9983738828319807
2,nonnormal,0.21134051455733738,0.902940709934185,1,0.7585,0.61436,4,0.9995225920671187,0.9968598028319606,0.9984286668720809,0.75362,0.9661440266407659,0.4686834460656857,11999,0.9999166666666667,2.7454822840754094,6.440057293586539,4000,0.755,0.9995046987853335
3,normal,0.15624179668148164,0.7389033447184099,1,0.7212,0.61121,0,0.9992138034514512,0.9983283856624507,0.9991638432521719,0.72242,1.0110919174470407,0.5369943848008009,10986,0.9155,1.4133790027900828,3.249750126229814,8000,0.7299,0.9987464045938053
3,normal,0.15624179668148164,0.7389033447184099,1,0.7212,0.61121,1,0.9987365088794178,0.997582015461644,0.9987902760147618,0.7216,1.003636694244932,0.520686050559974,10943,0.9119166666666667,1.3695269638490242,2.5889869017319365,5000,0.7274,0.9991289317328029
3,normal,0.15624179668148164,0.7389033447184099,1,0.7212,0.61121,2,0.9994709249438697,0.9989588068986138,0.9994792678683304,0.72254,1.0121829257205202,0.5332711047299935,11012,0.9176666666666666,1.4235566507470747,2.9756530038426683,8000,0.7283,0.9984173013569091
3,normal,0.15624179668148164,0.7389033447184099,1,0.7212,0.61121,3,0.9990370806383514,0.9974472516269338,0.9987228102065827,0.72048,0.9934539503591241,0.5470289985877675,10940,0.9116666666666666,1.3986274107832504,2.5424835919024042,3000,0.7232,0.9990302075146291
3,normal,0.15624179668148164,0.7389033447184099,1,0.7212,0.61121,4,0.9994104549974113,0.998831999097218,0.999415828920684,0.72204,1.0076370579143565,0.5062872878834777,10979,0.9149166666666667,1.3865688414282724,2.923770124808739,10000,0.728,0.9986620912117341
3,nonnormal,0.2779085996306528,0.6565364405768834,1,0.78698,0.61476,0,0.9995410078538196,0.9992329069238166,0.99961637987971,0.78548,0.9912902101962603,0.4477330042209,12000,1.0,3.1518099124455388,7.5022236850437025,12000,0.7793,0.9995410078538196
3,nonnormal,0.2779085996306528,0.6565364405768834,1,0.78698,0.61476,1,0.9992544978011176,0.9982881272270087,0.9991436969860785,0.78626,0.9958193008942048,0.4655777737180794,12000,1.0,3.1542487973363276,7.264369001900384,7000,0.7832,0.9997411761685412
3,nonnormal,0.2779085996306528,0.6565364405768834,1,0.78698,0.61476,2,0.9992371513408125,0.9985814617180906,0.9992904791491264,0.7858,0.9931482986877253,0.5035907468905999,12000,1.0,3.20735806363963,6.796211457384407,4000,0.7799,0.999248488374315
3,nonnormal,0.2779085996306528,0.6565364405768834,1,0.78698,0.61476,3,0.9997049531113509,0.999475215550184,0.9997375733412164,0.7873,1.0018580884914643,0.43841635806624596,12000,1.0,3.250269406686173,7.104229401788464,8000,0.7822,0.9990971828459028
3,nonnormal,0.2779085996306528,0.6565364405768834,1,0.78698,0.61476,4,0.9991875757393689,0.9986192331469883,0.9993093780941857,0.78758,1.0034839159214954,0.44870854167070956,12000,1.0,3.3348391962412145,6.779321919716987,10000,0.7848,0.999443127618971
4,normal,0.1350200772053363,0.863916919617282,1,0.7103,0.6189199999999999,0,0.998659177625523,0.9959740162079863,0.9979849779470562,0.70978,0.9943094769096074,0.5708357100030619,11146,0.9288333333333333,1.425157584329734,2.8023736001102413,12000,0.7143,0.998659177625523
4,normal,0.1350200772053363,0.863916919617282,1,0.7103,0.6189199999999999,1,0.9985327190943065,0.9952689564971348,0.9976316737639873,0.71012,0.9980302035456329,0.577933922694623,11154,0.9295,1.4005790201920494,2.8634658818874255,8000,0.7157,0.9986587703064032
4,normal,0.1350200772053363,0.863916919617282,1,0.7103,0.6189199999999999,2,0.999008650996466,0.9961916897840964,0.998094028528423,0.71002,0.9969358721820961,0.5511443495883754,11179,0.9315833333333333,1.367309740781841,3.832572147343858,3000,0.7157,0.9980984112533631
4,normal,0.1350200772053363,0.863916919617282,1,0.7103,0.6189199999999999,3,0.999175062963019,0.9972565961595029,0.9986273560039816,0.71006,0.9973736047275112,0.5852174903578329,11118,0.9265,1.3590483168554948,2.534671586349778,3000,0.7127,0.9976955704048338
4,normal,0.1350200772053363,0.863916919617282,1,0.7103,0.6189199999999999,4,0.9988366065956273,0.9964025564974149,0.9981996576323872,0.70946,0.9908076165462896,0.5805331700019718,11128,0.9273333333333333,1.3890895379826242,2.5159182040072174,2000,0.7157,0.9989283338382207
4,nonnormal,0.2817693220971732,0.7341996477284345,1,0.78528,0.6112,0,0.9987196365600642,0.9977935674831692,0.9988961745262463,0.79064,1.0307904411764708,0.4575027192936698,11994,0.9995,2.609172699927847,4.834670375049933,12000,0.7918,0.9987196365600642
4,nonnormal,0.2817693220971732,0.7341996477284345,1,0.78528,0.6112,1,0.999444041844738,0.9985975946297191,0.99929855129972,0.78478,0.9971277573529415,0.45258895215338485,11990,0.9991666666666666,2.5726299342322054,4.627940916464176,1000,0.7841,0.9984421372025043
4,nonnormal,0.2817693220971732,0.7341996477284345,1,0.78528,0.6112,2,0.9993763909750912,0.9990131720117432,0.9995064642170871,0.79038,1.029296875,0.48290963220239413,11993,0.9994166666666666,2.5340584072290246,5.880142804026781,4000,0.7918,0.9990017986364051
4,nonnormal,0.2817693220971732,0.7341996477284345,1,0.78528,0.6112,3,0.9993115699265056,0.998953406806777,0.999476566412028,0.78522,0.9996553308823533,0.4241421311990242,11997,0.99975,2.619732719487975,4.779326358578872,9000,0.7843,0.9988484512589714
4,nonnormal,0.2817693220971732,0.7341996477284345,1,0.78528,0.6112,4,0.9992075555657458,0.9984484490303883,0.9992239233677246,0.79032,1.0289522058823533,0.47597110041068214,11990,0.9991666666666666,2.6240545176515058,5.18334412719459,12000,0.7922,0.9992075555657458
5,normal,0.12353855253230936,0.9334481644528657,1,0.70104,0.60205,0,0.9990688431818309,0.9962926770852459,0.9981446173201787,0.6987,0.9763612486109707,0.5668261491588857,8701,0.7250833333333333,1.121191199576581,2.464468431678008,2000,0.7115,0.997060416464751
5,normal,0.12353855253230936,0.9334481644528657,1,0.70104,0.60205,1,0.9995234451927119,0.9987263263213452,0.9993629602508516,0.69854,0.9747449237296703,0.5656435136905418,8641,0.7200833333333333,1.1679408336032866,2.200079577952878,5000,0.7128,0.9987322761354189
5,normal,0.12353855253230936,0.9334481644528657,1,0.70104,0.60205,2,0.9993239735948322,0.9980855192129481,0.999042301012799,0.6988,0.9773714516617839,0.5739081727159424,8656,0.7213333333333334,1.1513761077911768,2.424465693694138,11000,0.7152,0.999061223050209
5,normal,0.12353855253230936,0.9334481644528657,1,0.70104,0.60205,3,0.9995491580445209,0.9985855672010809,0.9992925333460072,0.69898,0.9791898171532483,0.5567382974987634,8629,0.7190833333333333,1.1401513968423593,2.3427825650927847,12000,0.7143,0.9995491580445209
5,normal,0.12353855253230936,0.9334481644528657,1,0.70104,0.60205,4,0.9988094657316676,0.996231324614751,0.9981138835898191,0.69938,0.9832306293565007,0.564321631263969,8712,0.726,1.1378353081699473,2.559086472282213,8000,0.7131,0.998668843440979
5,nonnormal,0.31710063395504595,0.6579511317525835,1,0.79822,0.6093299999999999,0,0.9993894109366918,0.9989475916335134,0.999473657298437,0.7983,1.0004235269204298,0.43494583190978464,12000,1.0,2.804136656948391,5.719856960639228,5000,0.7951,0.9989313696902002
5,nonnormal,0.31710063395504595,0.6579511317525835,1,0.79822,0.6093299999999999,1,0.9995135413385475,0.9992863129599351,0.9996430927885888,0.8002,1.0104822912806395,0.4496313097983455,11999,0.9999166666666667,2.7805413485642188,6.960662874143714,5000,0.7998,0.9987507895754055
5,nonnormal,0.31710063395504595,0.6579511317525835,1,0.79822,0.6093299999999999,2,0.9995521224107242,0.9993424571753796,0.9996711745245932,0.8003,1.0110116999311767,0.4458275399785423,12000,1.0,2.813664535426061,8.554057559905122,3000,0.7973,0.9985475400477716
5,nonnormal,0.31710063395504595,0.6579511317525835,1,0.79822,0.6093299999999999,3,0.9998149368155592,0.9997685719017784,0.9998842792552438,0.80034,1.011223463391392,0.4642736420232334,11999,0.9999166666666667,2.8508125751627107,7.83905049462983,2000,0.7982,0.9986068589274314
5,nonnormal,0.31710063395504595,0.6579511317525835,1,0.79822,0.6093299999999999,4,0.9995061942015248,0.9991984669335886,0.9995991531276868,0.80038,1.0114352268516065,0.4089084564057195,12000,1.0,2.8064791186479754,6.596817700641495,2000,0.7983,0.9985889670740011
6,normal,0.1399016116966601,0.8667214668064024,1,0.71462,0.61035,0,0.9981716862061895,0.9949618193879353,0.9974777287678834,0.71374,0.9915603721108661,0.5675076496290432,11194,0.9328333333333333,1.4303385284776056,3.1141529516050968,4000,0.7126,0.9975217461306126
6,normal,0.1399016116966601,0.8667214668064024,1,0.71462,0.61035,1,0.9974920164249557,0.9911959324904793,0.9955882344074177,0.71558,1.0092068667881458,0.5712462235888172,11190,0.9325,1.4210437648702943,3.765645577875641,10000,0.7117,0.9980399319895272
6,normal,0.1399016116966601,0.8667214668064024,1,0.71462,0.61035,2,0.9984946761599777,0.996028054732065,0.9980120513962069,0.71468,1.0005754291742586,0.5866591124397702,11208,0.934,1.413673532600314,2.7967021973470287,10000,0.7113,0.9985496673738334
6,normal,0.1399016116966601,0.8667214668064024,1,0.71462,0.61035,3,0.9992842565307353,0.9984939056527475,0.9992466690726307,0.71174,0.9723793996355616,0.5613106876167255,11171,0.9309166666666666,1.4554045800344846,2.553836415881932,1000,0.7108,0.9978544594873476
6,normal,0.1399016116966601,0.8667214668064024,1,0.71462,0.61035,4,0.9990225929114956,0.9969203081045374,0.9984589666603918,0.71182,0.9731466385345735,0.5869501897099111,11196,0.933,1.4039508432557648,2.882483294549997,11000,0.7105,0.9984710527389781
6,nonnormal,0.2568110081588575,0.6963739982240152,1,0.77588,0.6107,0,0.9991256833600884,0.9982911455446902,0.9991452074371824,0.77604,1.0009686402712188,0.4710414460629938,11999,0.9999166666666667,2.6569480981421414,6.987589452039343,8000,0.7778,0.9992883753974918
6,nonnormal,0.2568110081588575,0.6963739982240152,1,0.77588,0.6107,1,0.9994032437802924,0.9989405644728218,0.9994701418615874,0.77602,1.000847560237317,0.4852626925727612,11997,0.99975,2.671593780793171,5.4559374324935614,4000,0.7796,0.9987273056011416
6,nonnormal,0.2568110081588575,0.6963739982240152,1,0.77588,0.6107,2,0.9996178475008541,0.9993160588406355,0.9996579709283748,0.77606,1.0010897203051214,0.46832936352160526,11997,0.99975,2.661880360839861,6.704702854085068,8000,0.7783,0.9989374565683006
6,nonnormal,0.2568110081588575,0.6963739982240152,1,0.77588,0.6107,3,0.9998133317112283,0.9997024841890857,0.9998512310284394,0.77624,1.0021794406102436,0.5139654874314399,11999,0.9999166666666667,2.6774737573152025,6.356432941388602,10000,0.7781,0.9986803827251
6,nonnormal,0.2568110081588575,0.6963739982240152,1,0.77588,0.6107,4,0.9993488968864509,0.9986481951390558,0.9993238689929586,0.77654,1.0039956411187794,0.4487603926412005,11998,0.9998333333333334,2.6905187968473183,5.527747609473322,1000,0.778,0.996466260676037
7,normal,0.14829304716532637,0.8306067340249305,1,0.71872,0.61072,0,0.9987842149426053,0.9966476303090833,0.9983224079970775,0.71728,0.9866666666666667,0.5400568409829201,10652,0.8876666666666667,1.305370451407704,2.120125549468768,6000,0.7173,0.9992350680550505
7,normal,0.14829304716532637,0.8306067340249305,1,0.71872,0.61072,1,0.9990565684463776,0.9979425370519976,0.9989707388367277,0.71666,0.9809259259259253,0.5093620994945094,10659,0.88825,1.2677639521081694,3.032865028792181,12000,0.7207,0.9990565684463776
7,normal,0.14829304716532637,0.8306067340249305,1,0.71872,0.61072,2,0.9996071391197264,0.9990615373346483,0.9995306585266148,0.7186,0.9988888888888888,0.5755379375279621,10676,0.8896666666666667,1.3400441272167893,3.260321951183738,12000,0.7161,0.9996071391197264
7,normal,0.14829304716532637,0.8306067340249305,1,0.71872,0.61072,3,0.9992919930404419,0.9982191761508851,0.9991091913053773,0.71632,0.9777777777777772,0.554170050607148,10672,0.8893333333333333,1.2627511783690983,3.021437933177898,11000,0.7188,0.9987021025272016
7,normal,0.14829304716532637,0.8306067340249305,1,0.71872,0.61072,4,0.999309510657321,0.998349252130154,0.9991742851625807,0.71852,0.9981481481481483,0.5533658930509199,10647,0.88725,1.2946234960384388,2.197980781134848,3000,0.7165,0.9983525910584672
7,nonnormal,0.25409270328592465,0.9143654366917343,1,0.776,0.6137600000000001,0,0.9992571741393521,0.9973630551951921,0.9986806572649698,0.7722,0.9765779092702168,0.4705040259043808,11999,0.9999166666666667,2.873036476137591,5.761524074283188,3000,0.7711,0.9984030771131946
7,nonnormal,0.25409270328592465,0.9143654366917343,1,0.776,0.6137600000000001,1,0.9993660512621056,0.9968302424631881,0.9984138633168052,0.77152,0.9723865877712029,0.5004203354668515,11999,0.9999166666666667,2.916641341333297,5.170299587637103,4000,0.7714,0.9987336459950519
7,nonnormal,0.25409270328592465,0.9143654366917343,1,0.776,0.6137600000000001,2,0.9993533455232587,0.9982090234590245,0.9991041104204429,0.77218,0.976454635108481,0.4339481868221281,12000,1.0,2.8741103703313162,6.505958743958451,6000,0.7693,0.9993490484581975
7,nonnormal,0.25409270328592465,0.9143654366917343,1,0.776,0.6137600000000001,3,0.9991965753937133,0.9982362746026955,0.9991177481171554,0.7759,0.9993836291913216,0.5101920511562059,11998,0.9998333333333334,2.8561049979257134,5.709415430152609,2000,0.7715,0.9987477294249509
7,nonnormal,0.25409270328592465,0.9143654366917343,1,0.776,0.6137600000000001,4,0.9993505749315261,0.9986766772660277,0.9993381195901754,0.77196,0.9750986193293882,0.49270854558357235,12000,1.0,2.7997503780620088,7.26376875688185,10000,0.7716,0.9993668860579479
8,normal,0.14941337723309028,0.884106438171345,1,0.71918,0.61859,0,0.9985083726681037,0.9960273400068439,0.9980116933216985,0.71912,0.9994035192365041,0.5492008276023905,9957,0.82975,1.2178113593720767,2.4473352133683313,3000,0.7219,0.9991062556184026
8,normal,0.14941337723309028,0.884106438171345,1,0.71918,0.61859,1,0.9984802653066547,0.9935921230353432,0.9967909123960467,0.71922,1.0003976538423296,0.5886290728297502,9969,0.83075,1.2288123524816947,3.0419061170975388,4000,0.7176,0.9986595580420726
8,normal,0.14941337723309028,0.884106438171345,1,0.71918,0.61859,2,0.99867101474636,0.9963193291353686,0.9981579680267891,0.71798,0.9880703847300916,0.5468947538868396,9996,0.833,1.223501914029101,3.6428774550716727,3000,0.7174,0.9990052529778767
8,normal,0.14941337723309028,0.884106438171345,1,0.71918,0.61859,3,0.9995455229424266,0.9979819598182011,0.9989904703340273,0.71908,0.9990058653941745,0.5199780545272294,9981,0.83175,1.2215471110534804,3.703111081113227,6000,0.7176,0.9980770356899675
8,normal,0.14941337723309028,0.884106438171345,1,0.71918,0.61859,4,0.998987149658781,0.9970569515589582,0.9985273914915695,0.71882,0.9964211154190274,0.5444147974487702,9973,0.8310833333333333,1.244624915272094,2.3855334502602217,5000,0.7176,0.9983962555841556
8,nonnormal,0.3035393517540489,0.5915122581463906,1,0.799,0.61679,0,0.9996341967809382,0.9993722448198988,0.9996860731349111,0.79908,1.000439053838977,0.45192615700451977,11999,0.9999166666666667,2.609647705872058,6.741584770810657,8000,0.7918,0.9991239431221404
8,nonnormal,0.3035393517540489,0.5915122581463906,1,0.799,0.61679,1,0.9992216254544872,0.9986284214614194,0.9993139754158447,0.79846,0.9970363865869047,0.45752098026525706,11999,0.9999166666666667,2.625194765992129,5.8875856354748235,12000,0.7901,0.9992216254544872
8,nonnormal,0.3035393517540489,0.5915122581463906,1,0.799,0.61679,2,0.9989889421128786,0.9980543193685608,0.999026686014223,0.79888,0.9993414192415344,0.46730988779583105,11999,0.9999166666666667,2.7443766533658267,5.839489275483946,1000,0.793,0.9949270708359541
8,nonnormal,0.3035393517540489,0.5915122581463906,1,0.799,0.61679,3,0.9995621077066592,0.999297646109664,0.9996487613705446,0.79886,0.9992316557817901,0.4641077576345436,11998,0.9998333333333334,2.720493910324733,4.935206122136703,9000,0.7906,0.9991655081617998
8,nonnormal,0.3035393517540489,0.5915122581463906,1,0.799,0.61679,4,0.9994869013630158,0.9991127801032884,0.9995562916130779,0.79872,0.9984633115635801,0.4788095126330496,11998,0.9998333333333334,2.6212806057123355,5.863548553756708,1000,0.7916,0.9981268300068225
9,normal,0.119115405936163,0.9913465809480383,2,0.69692,0.6149100000000001,0,0.9988977492837326,0.9962590618054702,0.9926486731892471,0.6967,0.9973174003170345,0.5775731727548363,11755,0.9795833333333334,1.576907655225325,4.894014895314513,4000,0.7043,0.9943391251132035
9,normal,0.119115405936163,0.9913465809480383,2,0.69692,0.6149100000000001,1,0.9989724122367939,0.9947504366973338,0.9891656920893507,0.69644,0.9941470552371657,0.5447134470601825,11726,0.9771666666666666,1.5510308312114338,3.1233257411154285,1000,0.7032,0.9948439356678421
9,normal,0.119115405936163,0.9913465809480383,2,0.69692,0.6149100000000001,2,0.9978275622738587,0.9918435092250104,0.9584405019018969,0.69696,1.0004877453969032,0.5600172479050862,11782,0.9818333333333333,1.6279024967021916,3.307349922704678,8000,0.7011,0.9943083353829475
9,normal,0.119115405936163,0.9913465809480383,2,0.69692,0.6149100000000001,3,0.9988550498541618,0.9969422245282707,0.9931424265588036,0.6924,0.9448847701499821,0.5751864350829046,11723,0.9769166666666667,1.609551019392597,2.6089017685846025,1000,0.7015,0.9910925160429331
9,normal,0.119115405936163,0.9913465809480383,2,0.69692,0.6149100000000001,4,0.998733680463269,0.9915364130955205,0.9921179057122299,0.69724,1.0039019631752224,0.5809361048025189,11775,0.98125,1.571982879201763,2.5575707012066986,9000,0.7034,0.9980367474392868
9,nonnormal,0.2303014555918846,0.9252311637414283,1,0.7631,0.61336,0,0.9996769130427096,0.998068879161736,0.9990339729767632,0.76706,1.0264458394550553,0.5298729457066784,12000,1.0,2.7756089112779865,5.9705689587571245,10000,0.7692,0.9991480308698597
9,nonnormal,0.2303014555918846,0.9252311637414283,1,0.7631,0.61336,1,0.998779795272791,0.9963434038801066,0.9981700275404519,0.76262,0.9967944437024173,0.47885557072900375,12000,1.0,2.80929360499867,6.364544363305315,7000,0.7624,0.999550105223926
9,nonnormal,0.2303014555918846,0.9252311637414283,1,0.7631,0.61336,2,0.9990068049334156,0.9960915416154967,0.9980438575611278,0.76698,1.025911580072125,0.51835650026029,11998,0.9998333333333334,2.774078008030491,5.342251882734356,9000,0.7677,0.9981944711092273
9,nonnormal,0.2303014555918846,0.9252311637414283,1,0.7631,0.61336,3,0.9993764732359223,0.9970662951842837,0.9985320701831683,0.76296,0.9990650460798716,0.48958371050045946,11999,0.9999166666666667,2.822838608495241,5.209041087017122,7000,0.7607,0.9991522953040105
9,nonnormal,0.2303014555918846,0.9252311637414283,1,0.7631,0.61336,4,0.9993894244421542,0.9974945170376437,0.9987464728536686,0.76692,1.0255108855349275,0.46161142603106814,12000,1.0,2.842889746631971,4.93258999125531,1000,0.7698,0.9991472905202063
10,normal,0.13490990839260827,0.9342267637506219,1,0.70248,0.6157,0,0.9981423039848774,0.9900794106630341,0.995027341666064,0.70934,1.0790504724590917,0.5497465957152481,10391,0.8659166666666667,1.256798139795469,2.3706886169336623,9000,0.7078,0.998402970269368
10,normal,0.13490990839260827,0.9342267637506219,1,0.70248,0.6157,1,0.9986036417797861,0.9935221939901115,0.996755834690779,0.70268,1.0023046784973493,0.5670928090837206,10396,0.8663333333333333,1.2666486124201413,2.955314562654872,12000,0.7066,0.9986036417797861
10,normal,0.13490990839260827,0.9342267637506219,1,0.70248,0.6157,2,0.9993889529200299,0.9966003026022121,0.9982987040972316,0.70914,1.0767457939617424,0.548763026253565,10367,0.8639166666666667,1.2678693541219763,2.805533485352986,3000,0.7083,0.9983173190423007
10,normal,0.13490990839260827,0.9342267637506219,1,0.70248,0.6157,3,0.9990123792288934,0.9971853030256158,0.9985916598017509,0.70972,1.0834293616040565,0.5997795947913198,10439,0.8699166666666667,1.2604373856152358,2.3816483495307885,6000,0.7093,0.9976846833210293
10,normal,0.13490990839260827,0.9342267637506219,1,0.70248,0.6157,4,0.9987171302429235,0.995506072866386,0.99775050632229,0.70934,1.0790504724590917,0.5706992468462349,10379,0.8649166666666667,1.2913785141267344,3.0386917282842725,1000,0.7089,0.998365561640889
10,nonnormal,0.2196075072829675,0.8361031077010513,1,0.76006,0.61207,0,0.9996086923437245,0.998714291238537,0.9993569388554507,0.76024,1.0012162983985409,0.5087979117864894,12000,1.0,3.619459909688277,9.214526204505098,4000,0.7575,0.9991293200431929
10,nonnormal,0.2196075072829675,0.8361031077010513,1,0.76006,0.61207,1,0.9992927272506524,0.998074863252744,0.9990369679109697,0.75918,0.9940536522738024,0.45496943805491885,12000,1.0,3.6957244009261996,6.9209821562060245,5000,0.755,0.9992260468782442
10,nonnormal,0.2196075072829675,0.8361031077010513,1,0.76006,0.61207,2,0.9986901904265003,0.9971752877748806,0.9985866451014056,0.7567,0.9772957632272457,0.5087976482250698,12000,1.0,3.6676243620136892,7.718447556194116,4000,0.7595,0.9992895240510731
10,nonnormal,0.2196075072829675,0.8361031077010513,1,0.76006,0.61207,3,0.9994858753801698,0.9983265203353864,0.9991629098076982,0.76044,1.0025677410635856,0.4751497224123571,12000,1.0,3.36916069583988,7.456564543145392,2000,0.7566,0.999040233910103
10,nonnormal,0.2196075072829675,0.8361031077010513,1,0.76006,0.61207,4,0.9990588749421008,0.996615112964056,0.9983061218704692,0.75686,0.9783769173592811,0.4850206033980726,12000,1.0,3.607760587132017,10.799640458276011,3000,0.7578,0.996370308308655
11,normal,0.15458524195175302,0.9148134716450564,1,0.72282,0.6233299999999999,0,0.9988984319084279,0.9970037809989133,0.9985007666491365,0.72158,0.9875364358226956,0.5501574942067,11303,0.9419166666666666,1.451020906158942,3.1439870847776774,11000,0.7217,0.9986395293001225
11,normal,0.15458524195175302,0.9148134716450564,1,0.72282,0.6233299999999999,1,0.9991930818093593,0.9974834866639786,0.9987409507294565,0.72256,0.9973866720273391,0.5504052745380085,11311,0.9425833333333333,1.4581849651855374,3.159841278597809,9000,0.7277,0.9994413015142911
11,normal,0.15458524195175302,0.9148134716450564,1,0.72282,0.6233299999999999,2,0.9984443880774355,0.991862569116345,0.9959229734855728,0.72326,1.0044225550306562,0.5573089753911223,11298,0.9415,1.4082538798990953,3.694828751145657,9000,0.7287,0.9980079982078451
11,normal,0.15458524195175302,0.9148134716450564,1,0.72282,0.6233299999999999,3,0.9990049656191463,0.9978005367030967,0.9988996629807704,0.72286,1.0004020504573317,0.5224375271037529,11341,0.9450833333333334,1.4585238714551374,3.003027657029713,1000,0.7209,0.9963258445924802
11,normal,0.15458524195175302,0.9148134716450564,1,0.72282,0.6233299999999999,4,0.9989703207141608,0.9944564590667108,0.9972243774932052,0.72208,0.9925620665393511,0.5254022675133778,11254,0.9378333333333333,1.441658351032058,3.4404933240130444,9000,0.7229,0.9991019590710324
11,nonnormal,0.26047499063085666,0.8221892575060827,1,0.78098,0.61364,0,0.9996752580634205,0.9993812186358892,0.999690561441834,0.7807,0.9983267598900438,0.4499971211854467,12000,1.0,3.1724026539776986,6.78078102826612,1000,0.7826,0.998548201760706
11,nonnormal,0.26047499063085666,0.8221892575060827,1,0.78098,0.61364,1,0.9996186791332142,0.9993934031756817,0.999696655578922,0.78118,1.0011951715071112,0.4430152672709273,12000,1.0,3.3946216394139537,7.886100993556832,3000,0.7805,0.9989760419535777
11,nonnormal,0.26047499063085666,0.8221892575060827,1,0.78098,0.61364,2,0.9996181146847518,0.999147253606229,0.9995735358672863,0.7808,0.9989243456436001,0.46465414316274983,12000,1.0,3.2513536389603805,6.14365689329844,3000,0.7801,0.9990905425862079
11,nonnormal,0.26047499063085666,0.8221892575060827,1,0.78098,0.61364,3,0.998765847392922,0.9952285281662151,0.9976114114053704,0.7804,0.9965340026293772,0.49410011791398883,12000,1.0,3.2464671174066053,5.731987430809422,7000,0.7792,0.9993328273397366
11,nonnormal,0.26047499063085666,0.8221892575060827,1,0.78098,0.61364,4,0.9993513631200234,0.9989571888550883,0.9994784584247368,0.77908,0.9886458706824428,0.5076196013828596,12000,1.0,3.2614921426865306,7.384969514682637,11000,0.7696,0.9996172493668883
12,normal,0.13948079580240444,0.9356556054657668,1,0.71154,0.61111,0,0.999165619952275,0.9930626802876866,0.9965253033855621,0.71008,0.985462511201833,0.5695484302257923,11674,0.9728333333333333,1.5196015715193976,3.112207489810345,2000,0.7107,0.9977412984845466
12,normal,0.13948079580240444,0.9356556054657668,1,0.71154,0.61111,1,0.9982727786336553,0.9884142069399008,0.9941902267372682,0.71046,0.9892462411629994,0.5749502175457142,11681,0.9734166666666667,1.5624892342919998,3.0527092349355014,10000,0.7121,0.9982223694980517
12,normal,0.13948079580240444,0.9356556054657668,1,0.71154,0.61111,2,0.9992333270665857,0.9980405877013002,0.9990198134678312,0.71174,1.0019914368216678,0.5838210616905161,11655,0.97125,1.6318916172487596,3.992871601059599,8000,0.7097,0.9987899136814207
12,normal,0.13948079580240444,0.9356556054657668,1,0.71154,0.61111,3,0.9987347251036123,0.9935813237524587,0.9967854953561768,0.71076,0.9922333963954993,0.5723434308526463,11687,0.9739166666666667,1.6025406145138978,3.609675313918653,4000,0.7096,0.9984968868678468
12,normal,0.13948079580240444,0.9356556054657668,1,0.71154,0.61111,4,0.9989232814097305,0.9968725899091371,0.9984350704523239,0.71114,0.9960171263566667,0.5840815700536708,11684,0.9736666666666667,1.6094288903178682,3.427431901632039,5000,0.7125,0.99870706894854
12,nonnormal,0.2286602622435877,0.846133760234127,1,0.7636,0.61326,0,0.9994516667348832,0.9991688821696504,0.9995843547043193,0.76162,0.9868298523347081,0.46414854527296545,12000,1.0,2.6337680015458256,4.91728699484491,10000,0.7662,0.99946309988316
12,nonnormal,0.2286602622435877,0.846133760234127,1,0.7636,0.61326,1,0.9990545670858662,0.9978710094900767,0.9989349375660442,0.76238,0.9918850605294666,0.47508267037351654,11999,0.9999166666666667,2.6023801356311305,4.811438672496413,11000,0.7673,0.9992095500319604
12,nonnormal,0.2286602622435877,0.846133760234127,1,0.7636,0.61326,2,0.9993988538627632,0.998878751124624,0.9994392183242681,0.76394,1.0022615405081814,0.5038934118193913,11999,0.9999166666666667,2.6711407500954394,6.1595738378638965,10000,0.7658,0.9990618501762424
12,nonnormal,0.2286602622435877,0.846133760234127,1,0.7636,0.61326,3,0.9993145869185928,0.9987817267924372,0.9993906777594221,0.76416,1.0037248902487694,0.44205939941965255,12000,1.0,2.633461735581795,4.1259348698185825,9000,0.7677,0.9991404602526595
12,nonnormal,0.2286602622435877,0.846133760234127,1,0.7636,0.61326,4,0.9989308295478704,0.9959362507425865,0.9979660569090446,0.7621,0.9900226154050822,0.5001600811450757,12000,1.0,2.7050199591715485,4.415679185569683,5000,0.7642,0.9996096893894768
13,normal,0.14462736818891586,0.8309483648573033,1,0.71602,0.6133299999999999,0,0.9988411827648858,0.9968170162387723,0.9984072396766623,0.71364,0.9768234492160879,0.5577489877396289,10843,0.9035833333333333,1.3262107205582683,2.6805750257373178,6000,0.7179,0.9978076495175714
13,normal,0.14462736818891586,0.8309483648573033,1,0.71602,0.6133299999999999,1,0.9981695827533867,0.9953863659644863,0.9976905161243572,0.71354,0.9758496445613006,0.5467287098263904,10814,0.9011666666666667,1.3370848804280435,3.73131272750986,4000,0.7174,0.9981156090480555
13,normal,0.14462736818891586,0.8309483648573033,1,0.71602,0.6133299999999999,2,0.9981553443811939,0.9932312673669457,0.9966098872512482,0.7139,0.9793553413185314,0.5485811214375452,10891,0.9075833333333333,1.338426024177041,2.5370150029264362,1000,0.718,0.998258788475404
13,normal,0.14462736818891586,0.8309483648573033,1,0.71602,0.6133299999999999,3,0.9984998326729203,0.9934007383836949,0.9966949073732116,0.71452,0.9853929301782068,0.5167377463128608,10841,0.9034166666666666,1.3663424650705784,2.2441768581418544,2000,0.7179,0.9984102795139499
13,normal,0.14462736818891586,0.8309483648573033,1,0.71602,0.6133299999999999,4,0.9990537540067912,0.997404713612462,0.9987015137729901,0.71464,0.9865614957639504,0.5668498498251988,10786,0.8988333333333334,1.3114087149833078,2.989683712218012,2000,0.7174,0.9966786033767724
13,nonnormal,0.2968669031308898,0.6988055647921506,1,0.79214,0.6141,0,0.9996251125776187,0.9994594544628344,0.9997296906978578,0.79388,1.0097730847000679,0.4796857407817149,11996,0.9996666666666667,2.5321743608035456,5.600556390403581,10000,0.7906,0.9998211836090328
13,nonnormal,0.2968669031308898,0.6988055647921506,1,0.79214,0.6141,1,0.9998371041224159,0.9997644695771839,0.9998822278534527,0.79434,1.0123567737587065,0.45775509513588475,11996,0.9996666666666667,2.6187014760778946,6.266608993758969,3000,0.7904,0.9995188765521655
13,nonnormal,0.2968669031308898,0.6988055647921506,1,0.79214,0.6141,2,0.9995786218691751,0.9994289272760906,0.9997144228608941,0.7941,1.0110087620759385,0.4762014688624841,11998,0.9998333333333334,2.5507594438512706,6.490195386849448,5000,0.7913,0.999644573145837
13,nonnormal,0.2968669031308898,0.6988055647921506,1,0.79214,0.6141,3,0.9996516522118352,0.9995156604164275,0.9997578008780064,0.7919,0.9986519883172326,0.44575855321019886,11996,0.9996666666666667,2.5448876205784448,4.150401495605588,9000,0.7989,0.9995978950615145
13,nonnormal,0.2968669031308898,0.6988055647921506,1,0.79214,0.6141,4,0.9995965609305336,0.9994756091810446,0.9997377702082905,0.79422,1.0116827679173224,0.446331235245783,11998,0.9998333333333334,2.618577782470627,8.593494581821295,12000,0.791,0.9995965609305336
14,normal,0.14049047185708002,0.8682848370089763,1,0.7126,0.61446,0,0.9994076449369594,0.9979058650350671,0.9989523837676484,0.71222,0.9961279804361112,0.5450207430103151,10414,0.8678333333333333,1.2602055892467066,2.4469974115476774,8000,0.7164,0.9990214613078978
14,normal,0.14049047185708002,0.8682848370089763,1,0.7126,0.61446,1,0.9987390946933901,0.994363848449265,0.9971779422195745,0.71222,0.9961279804361112,0.5804905747785292,10380,0.865,1.307034460033023,2.5654772532042873,12000,0.7125,0.9987390946933901
14,normal,0.14049047185708002,0.8682848370089763,1,0.7126,0.61446,2,0.99938258112694,0.997976058441323,0.998987516659404,0.71698,1.0446301202363963,0.5631995813469839,10358,0.8631666666666666,1.2360164234507494,2.055041399924334,6000,0.7111,0.9988725598182416
14,normal,0.14049047185708002,0.8682848370089763,1,0.7126,0.61446,3,0.9988886867005385,0.9971773284479449,0.9985876668815538,0.71744,1.049317301813735,0.5850275471275821,10343,0.8619166666666667,1.2646531782946653,2.605267135947123,4000,0.7135,0.9986454302156184
14,normal,0.14049047185708002,0.8682848370089763,1,0.7126,0.61446,4,0.9977949072654538,0.9940771073074313,0.9970341555370263,0.7125,0.9989810474831874,0.5690903611000384,10339,0.8615833333333334,1.214429036115298,2.3912181427511787,7000,0.7138,0.9989785312936804
14,nonnormal,0.3079614793199461,0.6278532405553697,1,0.7984,0.61609,0,0.9995128403019771,0.9992276176452254,0.9996137342219871,0.79818,0.9987932642202841,0.49027640880474066,11999,0.9999166666666667,3.049452487924272,7.398758264695313,12000,0.7898,0.9995128403019771
14,nonnormal,0.3079614793199461,0.6278532405553697,1,0.7984,0.61609,1,0.9996849939811024,0.9994425427321793,0.999721232510433,0.7984,1.0,0.4584497396300231,11998,0.9998333333333334,3.038035925192374,7.38825341289765,1000,0.7903,0.9986748993838532
14,nonnormal,0.3079614793199461,0.6278532405553697,1,0.7984,0.61609,2,0.9996893079033274,0.9995042639612485,0.99975210125373,0.7984,1.0,0.431013184565816,12000,1.0,2.9402993359406087,6.5197773348463155,11000,0.7958,0.999695550507257
14,nonnormal,0.3079614793199461,0.6278532405553697,1,0.7984,0.61609,3,0.9992049059628298,0.9986899906590944,0.9993447806733642,0.79794,0.9974768251878667,0.4012642329788571,12000,1.0,2.967599323010183,5.840490558997546,6000,0.7964,0.999107965328136
14,nonnormal,0.3079614793199461,0.6278532405553697,1,0.7984,0.61609,4,0.9995945592361186,0.9992535752170502,0.9996267179387764,0.79838,0.9998902967472985,0.4354571749536998,11999,0.9999166666666667,2.937728594927065,6.627766542649834,6000,0.7973,0.9990516404666395
15,normal,0.146800692429865,0.8797815596422066,1,0.7159,0.6093200000000001,0,0.9996395843217739,0.999233769809823,0.9996168114881937,0.71578,0.9988740851942203,0.5531182735460245,10908,0.909,1.3739724371899624,2.78669354985921,12000,0.7192,0.9996395843217739
15,normal,0.146800692429865,0.8797815596422066,1,0.7159,0.6093200000000001,1,0.9984796614510179,0.9938261272730605,0.9969082842834944,0.71484,0.9900544192156131,0.5681622548590672,10888,0.9073333333333333,1.3736865641668567,2.7271739059157767,8000,0.7211,0.9983901016060441
15,normal,0.146800692429865,0.8797815596422066,1,0.7159,0.6093200000000001,2,0.9990571429816546,0.9971643135738719,0.9985811502195863,0.71536,0.9949333833739915,0.5590057998272914,10960,0.9133333333333333,1.3312631352707984,2.6447467978534,4000,0.721,0.9988275633203745
15,normal,0.146800692429865,0.8797815596422066,1,0.7159,0.6093200000000001,3,0.9992355962103016,0.9983284921497485,0.9991638965403766,0.71634,1.004128354287859,0.5733335642669919,10962,0.9135,1.3723162587767517,3.0917584380429806,12000,0.7148,0.9992355962103016
15,normal,0.146800692429865,0.8797815596422066,1,0.7159,0.6093200000000001,4,0.998804819702613,0.9973659002133911,0.99868208165231,0.71608,1.00168887220867,0.5661641682301249,10959,0.91325,1.3434701591384326,2.7283964064597512,7000,0.7197,0.9983267003938964
15,nonnormal,0.22070084283201957,0.9258875190048315,1,0.7559,0.61435,0,0.9993391874591648,0.9976133358987773,0.9988059550777505,0.75576,0.9990109501942774,0.49314022491957726,11999,0.9999166666666667,2.932124384824542,5.251311279351532,11000,0.7632,0.9993935230878002
15,nonnormal,0.22070084283201957,0.9258875190048315,1,0.7559,0.61435,1,0.9990993581979658,0.9955132255922117,0.997754090741908,0.76246,1.046344048039562,0.46479124728085663,12000,1.0,2.8493099188029047,5.019701201959212,4000,0.7626,0.9991703414174057
15,nonnormal,0.22070084283201957,0.9258875190048315,1,0.7559,0.61435,2,0.9985758533278346,0.9956952351660283,0.9978452962088002,0.76244,1.046202755210173,0.5287792794760505,11999,0.9999166666666667,3.0132542872276584,6.203028551819114,3000,0.7609,0.9992644740951473
15,nonnormal,0.22070084283201957,0.9258875190048315,1,0.7559,0.61435,3,0.9995721762510867,0.997806080669463,0.9989024380135745,0.75622,1.0022606852702225,0.4770584607915014,12000,1.0,2.9831327208795164,5.890461818691926,5000,0.7636,0.9987735964280788
15,nonnormal,0.22070084283201957,0.9258875190048315,1,0.7559,0.61435,4,0.9991834036206818,0.996379460172979,0.9981880885749834,0.76244,1.046202755210173,0.4787944070322432,12000,1.0,2.948519625538296,4.78584646650914,12000,0.7626,0.9991834036206818
