draw_index,writer_type,amplitude,train_horizon,lambda_max_M_old,eigengap_ratio,oracle_accuracy,random_accuracy_median,analytic_oracle_accuracy,analytic_random_accuracy_median,median_rayleigh_efficiency,median_behavioral_efficiency,median_subspace_alignment,calibration_mae,max_clip_fraction,elapsed_seconds
900,normal,1.0,128,0.14591115768894827,0.8897797915976333,0.64984,0.5817,0.6487630834380456,0.5820400854959948,0.998010178642321,0.9448194892867635,0.9923050021777023,0.0022975669987053645,0.9903333333333333,29.05802845954895
900,normal,1.0,256,0.14591115768894827,0.8897797915976333,0.65244,0.58171,0.6487630834380456,0.5820400854959946,0.998671228549244,0.9085253781987838,0.9960241013253974,0.0024621206831682623,0.9905,29.484849452972412
900,normal,1.5,128,0.14591115768894827,0.8897797915976333,0.7162,0.62158,0.7166691167416344,0.6219753498527322,0.9984588847161531,0.9830902557598823,0.993637584843601,0.002126879903389427,0.9756666666666667,30.184237241744995
900,normal,1.5,256,0.14591115768894827,0.8897797915976333,0.71892,0.62146,0.7166691167416345,0.6219753498527321,0.9990188241729012,0.944592653396265,0.9971112075634883,0.002253282793009869,0.9746666666666667,30.671329736709595
900,normal,2.0,128,0.14591115768894827,0.8897797915976333,0.77758,0.66002,0.777556361253749,0.6606473462117533,0.9986967390367654,0.974991493705342,0.9941971203732627,0.002021335085310248,0.9356666666666666,30.591938734054565
900,normal,2.0,256,0.14591115768894827,0.8897797915976333,0.77932,0.65987,0.7775563612537492,0.6606473462117533,0.9991148413616021,0.9601506906655506,0.9973805798691182,0.0021294539398985547,0.933,27.053157806396484
900,normal,2.5,128,0.14591115768894827,0.8897797915976333,0.83112,0.6983999999999999,0.8302005254059881,0.697696927400232,0.9988104690514708,0.9719710669077757,0.9944356967799823,0.0019466411636591594,0.8313333333333334,29.221914529800415
900,normal,2.5,256,0.14591115768894827,0.8897797915976333,0.8305,0.6956,0.8302005254059881,0.6976969274002319,0.9991440966841105,0.9781319495922904,0.9974759218262994,0.0020304198765419327,0.8356666666666667,28.4030020236969
900,nonnormal,1.0,128,0.26104887082422157,0.8737927469237742,0.69372,0.57962,0.695299759706478,0.580226344782562,0.998878144932057,1.0328659070990356,0.9956340186547801,0.0020407022222377353,1.0,29.444533586502075
900,nonnormal,1.0,256,0.26104887082422157,0.8737927469237742,0.69494,0.57936,0.695299759706478,0.580226344782562,0.998732155947178,0.9726596296937187,0.9952381631317977,0.0019541518601818137,1.0,29.80831289291382
900,nonnormal,1.5,128,0.26104887082422157,0.8737927469237742,0.7776,0.61883,0.778279087146286,0.6193251363267532,0.9990417902104749,1.0220444668388238,0.9960261996964004,0.0020093122501568766,1.0,31.387150526046753
900,nonnormal,1.5,256,0.26104887082422157,0.8737927469237742,0.7791,0.61839,0.7782790871462859,0.6193251363267533,0.9991704325279025,0.9813950594238066,0.9967838830621261,0.0019466873252840906,0.9999166666666667,30.240244150161743
900,nonnormal,2.0,128,0.26104887082422157,0.8737927469237742,0.84738,0.65695,0.8465761414751956,0.6572410700227944,0.9991418026764716,1.0092422412435016,0.9965993536847064,0.001979993510878249,0.9998333333333334,30.04457688331604
900,nonnormal,2.0,256,0.26104887082422157,0.8737927469237742,0.84568,0.65632,0.8465761414751956,0.6572410700227945,0.9994264855091621,0.9981516687790455,0.9976712756123949,0.0019419576878948969,0.99975,27.671725511550903
900,nonnormal,2.5,128,0.26104887082422157,0.8737927469237742,0.89946,0.69329,0.8992559780452926,0.6936353375354212,0.9991453826953077,1.0091186884609784,0.9968504438106691,0.0019541737659367364,0.9963333333333333,29.44834566116333
900,nonnormal,2.5,256,0.26104887082422157,0.8737927469237742,0.8982,0.6921200000000001,0.8992559780452926,0.6936353375354213,0.9995436682060796,1.008685947204969,0.9982488076039426,0.0019251156724306995,0.9945833333333334,30.137096405029297
901,normal,1.0,128,0.13503342534857968,0.9624257479614341,0.64378,0.57636,0.6433653737596834,0.5764011827690774,0.9977941213147293,0.9905072678730342,0.989617572229406,0.001717615602386575,0.9490833333333333,30.245915412902832
901,normal,1.0,256,0.13503342534857968,0.9624257479614341,0.6426,0.57512,0.6433653737596834,0.5764011827690774,0.9983194223157525,0.9957024303497339,0.9948222710287762,0.0017840653467949376,0.94975,30.63829207420349
901,normal,1.5,128,0.13503342534857968,0.9624257479614341,0.70904,0.614,0.7092528810649859,0.6137257224175546,0.9982941857254355,0.9945286195286193,0.9919278055006739,0.001652224225987936,0.8983333333333333,30.07796311378479
901,normal,1.5,256,0.13503342534857968,0.9624257479614341,0.70968,0.61245,0.7092528810649859,0.6137257224175546,0.9987825755859958,0.9917720868044846,0.9962695352755159,0.0016993381527892096,0.8988333333333334,29.803431749343872
901,normal,2.0,128,0.13503342534857968,0.9624257479614341,0.76814,0.6498999999999999,0.7688113392273732,0.6500259471228951,0.9985540989196754,0.9990696887686058,0.9932316074513555,0.0016207163244170099,0.7875,30.12021279335022
901,normal,2.0,256,0.13503342534857968,0.9624257479614341,0.7684,0.64853,0.7688113392273732,0.6500259471228951,0.9989700767965972,1.0011679319262536,0.9964224859738182,0.0016606084012751397,0.783,29.263451099395752
901,normal,2.5,128,0.13503342534857968,0.9624257479614341,0.82176,0.68483,0.8208665148873009,0.6850040124871661,0.9987000973200906,0.993500328635069,0.9941000190611404,0.001577418926591521,0.58025,29.61244249343872
901,normal,2.5,256,0.13503342534857968,0.9624257479614341,0.82022,0.68381,0.8208665148873009,0.6850040124871661,0.9990650236375087,0.9966278132101756,0.9963810673855665,0.0016124482139552277,0.57775,28.830327033996582
901,nonnormal,1.0,128,0.23754045673549068,0.8168286413637352,0.68444,0.57353,0.6870059012852726,0.5738902116259468,0.9990151859941531,1.0172211703182759,0.9978906123176944,0.0019782167138315157,1.0,29.816691398620605
901,nonnormal,1.0,256,0.23754045673549068,0.8168286413637352,0.68518,0.5737,0.6870059012852726,0.5738902116259468,0.9994807305734605,1.0107642626480082,0.9990722711827129,0.0019774210180997,1.0,29.184451818466187
901,nonnormal,1.5,128,0.23754045673549068,0.8168286413637352,0.76582,0.61009,0.7676323616107241,0.6100428477129005,0.9990769408706697,1.0066140114300395,0.9980788263840479,0.0019203046796359533,1.0,30.83613157272339
901,nonnormal,1.5,256,0.23754045673549068,0.8168286413637352,0.76726,0.61041,0.7676323616107241,0.6100428477129005,0.9995818317869383,0.990627988524067,0.9993278272396016,0.0019144693132502797,1.0,30.38964533805847
901,nonnormal,2.0,128,0.23754045673549068,0.8168286413637352,0.83336,0.64525,0.8351609454595585,0.645267323323496,0.9991743140583291,0.987347828398278,0.9981651169918406,0.0018869914014098175,0.9996666666666667,28.758507013320923
901,nonnormal,2.0,256,0.23754045673549068,0.8168286413637352,0.83404,0.6458900000000001,0.8351609454595585,0.645267323323496,0.9995750084779532,0.9996279564177517,0.999289776284916,0.001860491134177712,0.9991666666666666,30.06158757209778
901,nonnormal,2.5,128,0.23754045673549068,0.8168286413637352,0.8866,0.6794100000000001,0.8884740735415011,0.6792912134227356,0.9991795816521973,0.9952700419904434,0.9980108278004678,0.0018646218842094822,0.9946666666666667,30.076009273529053
901,nonnormal,2.5,256,0.23754045673549068,0.8168286413637352,0.88856,0.67977,0.8884740735415011,0.6792912134227356,0.9995279510998538,0.9931510129795487,0.9991550572141235,0.0018439570810548738,0.9944166666666666,30.08546257019043
