9029ee19085cf96b0cc3ae0dc814f3becf025ee45aed15ee53c4e38a9ee235a1	2193	nc3c_block2_20260920/FRESHNESS_AUDIT.json
4dc6f6573d505438f911aec56b46cda2db9f77ab66801fe54494c2b5447f9257	29515	nc3c_block2_20260920/FROZEN_SEED_LIST.json
b992f0562309956f0e07ff5038220600aa1693c7125146459250a520c52e81a0	30298	nc3c_block2_20260920/cells/CELL_draw016_normal.json
f5beb46d435f2410c5bfc1c60a839737d767b74625a369cc20204809423fff16	30304	nc3c_block2_20260920/cells/CELL_draw016_nonnormal.json
16fe0c692a7f7d27408ddad96fab730f1b0cda1b9b05bfdcf5ebfba735f42b10	30218	nc3c_block2_20260920/cells/CELL_draw017_normal.json
47e4a57df857d1e07f6bf2433db41e8bb3518c6b242097e0b4d2f6ec668be56b	30226	nc3c_block2_20260920/cells/CELL_draw017_nonnormal.json
4a8393ab74f890f7f397faa9aec2b6cb7c3b92ddf622149932bd20c13713484c	30261	nc3c_block2_20260920/cells/CELL_draw018_normal.json
f83a710269aef4e9f435f6ce7a039a03960dc08432942535764803e69e432313	30270	nc3c_block2_20260920/cells/CELL_draw018_nonnormal.json
a7667033ec5abf72aaf5cf4ef5b32aa3be3db7c1faaca92d97913092d50207d1	30259	nc3c_block2_20260920/cells/CELL_draw019_normal.json
6c8c2fbd80b4cc9111726153fbc75762edb682d6a76e0870c68539798e14186c	30284	nc3c_block2_20260920/cells/CELL_draw019_nonnormal.json
12d1c628aa0e05c6e12ea8b9da6737d62f7be44a5ba8197e8d4e63ad5b85068e	30270	nc3c_block2_20260920/cells/CELL_draw020_normal.json
75ff81c23afafff85eea3f7d5600d37be639387cd6de738563df75cb4b725f19	30310	nc3c_block2_20260920/cells/CELL_draw020_nonnormal.json
fe6ee5fc3dfb8f9c3e74a6952481614b3aef7d39f33f6460153f8d48634f93c7	30337	nc3c_block2_20260920/cells/CELL_draw021_normal.json
fe33fd71a5d7b2d979d4e333fbfae3a7621304e38b58b625e470a83d38966abb	30291	nc3c_block2_20260920/cells/CELL_draw021_nonnormal.json
5d65be45e245dad2da28cf630b4d55f001d0165169e458f26b5b3b028844bedd	30317	nc3c_block2_20260920/cells/CELL_draw022_normal.json
dda7aa3473c8f435faa3cc9a7a2477558d8304e96275bfe59390497ffaa74fb1	30278	nc3c_block2_20260920/cells/CELL_draw022_nonnormal.json
d261857a6db4b587216c2d171dc3e3ee2e48c7e83d8c39b849d7a07f6168b054	30250	nc3c_block2_20260920/cells/CELL_draw023_normal.json
599b55df88ed9d24403bb562c1b15b6a400df5c855ccf5ccf2fb9edde11b5f84	30316	nc3c_block2_20260920/cells/CELL_draw023_nonnormal.json
e8efd6f0afaa251253ba6d32fa1766d9b5d2b177e9fc642797b78bd0be635276	30339	nc3c_block2_20260920/cells/CELL_draw024_normal.json
d0c0e70e6cd46fac0bbe7063e6687e8dd669a93357a79c9791659118743843a1	30357	nc3c_block2_20260920/cells/CELL_draw024_nonnormal.json
e185c54ce2dd9f07f747b9c0c8c48cd4e61f0ab78e82c21193c0ce996c6f0237	30273	nc3c_block2_20260920/cells/CELL_draw025_normal.json
43c77b186bc304d75cc5e7686f4ae4f9c1802821335c3933df24490befe893a3	30293	nc3c_block2_20260920/cells/CELL_draw025_nonnormal.json
5f16ef69f7f8f532ef7c60dc29ec8ea40be0d6df09a537912db32fcff41be3a2	30229	nc3c_block2_20260920/cells/CELL_draw026_normal.json
acfb4fb4aad6e19dcf52b6f77b94c7a7bc0df85dcf62f0191edf20cd83a41e3c	30224	nc3c_block2_20260920/cells/CELL_draw026_nonnormal.json
ac02d5fa020ff2ff104b698a19f8f269d01766fc69e89c180123eba4b72ae39b	30341	nc3c_block2_20260920/cells/CELL_draw027_normal.json
256a692c075e288560ddfa60ea984d9c23171d2aae7549ff833a6bd32bd50e43	30346	nc3c_block2_20260920/cells/CELL_draw027_nonnormal.json
48fc16f92d95a30b55056aaaf863ddd869c41ac823b218df92c280f2ee9c3656	30182	nc3c_block2_20260920/cells/CELL_draw028_normal.json
3c9ac9ad61af9406febc6cc94035f36eb0ebcd91455c9908c2cbd9a055d85bd4	30252	nc3c_block2_20260920/cells/CELL_draw028_nonnormal.json
c41864f95442ebc4d3aca036253ce7eb4e88f298a05747f00fa45ab96cff3058	30223	nc3c_block2_20260920/cells/CELL_draw029_normal.json
dc71154e6802a26fd758719a0f25245fe4ef6700a21d752c2cffd25393cd139c	30236	nc3c_block2_20260920/cells/CELL_draw029_nonnormal.json
263921b81a52c2f4b197c0db05a24a188c18c21613bf11678fe9bfbd0e7113f7	30299	nc3c_block2_20260920/cells/CELL_draw030_normal.json
6bd65ec0f6813b4e50931ee6c1da1af568faa0449cb44f72db3c177ad80fedb7	30295	nc3c_block2_20260920/cells/CELL_draw030_nonnormal.json
646049788741acde6e4621d31c9d17738000822e54cd7a36a7288c514ed2cebb	30283	nc3c_block2_20260920/cells/CELL_draw031_normal.json
a39bf4654c085dbfd8cf73b0068b7c8f16de29fbe92ad3956760576ee4ac2d1a	30275	nc3c_block2_20260920/cells/CELL_draw031_nonnormal.json
5b732137b47218ec2bc33f69a574998b9a291dbcafcf8801181ad5a7f9f38504	12371	nc3c_block2_20260920/CELL_LEVEL.csv
ff66170872a3ed2c41312a2b69110d0ad8f52c3954da513993426a929cae1681	144856	nc3c_block2_20260920/CROSS_EVALUATION_ROWS.csv
27e3808bfc8afc9494c0bea1cb3ab0977562db9a1a11f55e5cc0b12cefa2a6a5	777654	nc3c_block2_20260920/REFERENCE_ROWS.csv
6ddf03a8e14a95832bc1df9250aae3df4258d006ab5d4ee69b8a8e821ca7c2ff	8921	nc3c_block2_20260920/RUN_RECEIPT.json
539ddf7294ffe78f5cbf8af0a8e79ec2e4516c199c338f9f71cd1de123609a17	38	nc3c_block2_20260920/INVALID_RUN_LEDGER.json
b6ca4af9132e4d3875ea7a38cdbd83e7c5951d3726d8f1b1ebd02cc675abfdf8	34271	nc3c_block2_20260920/VERDICT.json
8529a3a3960d17c2e1ada471594b0498c7106f6e7afadbe7820626ced13e452b	1332	nc3c_block2_20260920/run.log
9029ee19085cf96b0cc3ae0dc814f3becf025ee45aed15ee53c4e38a9ee235a1	2193	nc3c_block2_20260920_attempt1_invalid/FRESHNESS_AUDIT.json
4dc6f6573d505438f911aec56b46cda2db9f77ab66801fe54494c2b5447f9257	29515	nc3c_block2_20260920_attempt1_invalid/FROZEN_SEED_LIST.json
7b6bdce094b5c80daf65e7d37a6c4b17b1c4d5637130a369f6bf2a86b404e1ef	15911	nc3c_block2_20260920_attempt1_invalid/RUN_RECEIPT.json
c3e866dd7a64366ae4047207723f13debe7446f9566a1c7d3557a94189e73a76	7033	nc3c_block2_20260920_attempt1_invalid/INVALID_RUN_LEDGER.json
c27fdfa735ab69f8f55a682d79567cd1d08c4a927fe1fb092cf1729deaae94b7	1330	nc3c_block2_20260920_attempt1_invalid/run.log
