draw,write_path,storage,direction,horizon,full_j_total,full_j_oldest,full_nonzero_lag_count,store_j_total,store_j_oldest_t0,store_nonzero_lag_count,reach_count_above_1e-6
0,normal,open,oracle,64,1.5635575180155676,0.026758999290897274,64,0.439406366635843,0.012864922325856221,63,24
0,normal,open,random,64,1.717467677424115,0.033415224381612735,64,0.6346320758147512,0.013651422241532209,63,24
0,normal,open,oracle,256,1.5502681315649995,0.0061266530770707275,256,0.4770405144909843,0.002324843743892426,255,24
0,normal,open,random,256,1.693101580918377,0.007533003224288816,256,0.621581561997392,0.0028096408724166966,255,24
0,normal,open,oracle,1024,1.5642386068887757,0.0014937060210211365,1024,0.5046922695308361,0.00026729808235454827,1023,24
0,normal,open,random,1024,1.6925873479932725,0.0016342068325375773,1024,0.6230850239812409,0.0005050006240346058,1023,24
0,normal,open,oracle,4096,1.5646268829663437,0.0003804559016560371,4096,0.5114723126386769,0.00010946682377527418,4095,24
0,normal,open,random,4096,1.692571111601403,0.0004128325794686871,4096,0.6221654483804107,0.00019445541729193376,4095,24
0,normal,isolated,oracle,64,1.575039067197233,0.057977389657509204,64,0.5444082139987885,0.047825330683710844,23,23
0,normal,isolated,random,64,1.6123915777504578,0.06215449795035283,64,0.61143242428935,0.05492265904313383,23,23
0,normal,isolated,oracle,256,1.550565324269951,0.050286221523212236,256,0.5444082139987887,0.0478253306837109,23,23
0,normal,isolated,random,256,1.6110905898324586,0.05657101619109336,256,0.6114324242893503,0.054922659043133835,23,23
0,normal,isolated,oracle,1024,1.5459407967222494,0.048436759810448426,1024,0.5444082139987881,0.04782533068371079,23,23
0,normal,isolated,random,1024,1.6113850095533082,0.05532707103721584,1024,0.6114324242893497,0.05492265904313379,23,23
0,normal,isolated,oracle,4096,1.5447874377149358,0.047977963134244045,4096,0.5444082139987889,0.04782533068371089,23,23
0,normal,isolated,random,4096,1.6114180279098367,0.055023309232257504,4096,0.6114324242893502,0.05492265904313388,23,23
0,nonnormal,open,oracle,64,7.150197459774424,0.12038486745521047,64,2.27681177535865,0.037221215295094034,63,24
0,nonnormal,open,random,64,0.6387873449069154,0.011783354162846938,64,0.20858479317971645,0.004872340956771282,63,24
0,nonnormal,open,oracle,256,7.221773060643633,0.02866501789730758,256,2.404137284152519,0.009527428402231192,255,24
0,nonnormal,open,random,256,0.6524714563471264,0.002758018874105106,256,0.20660857274534422,0.0008656519839425753,255,24
0,nonnormal,open,oracle,1024,7.242522523988497,0.007027603393452692,1024,2.4225667123895964,0.00140772722893903,1023,24
0,nonnormal,open,random,1024,0.6556649751826364,0.0006336204039969844,1024,0.20225578622028223,0.00015493798113598917,1023,24
0,nonnormal,open,oracle,4096,7.243162340702371,0.0017648091836662478,4096,2.4211904495108563,0.0003718555120203719,4095,24
0,nonnormal,open,random,4096,0.6557518190681759,0.00016001865064173287,4096,0.2027318082042333,2.882487298850843e-05,4095,24
0,nonnormal,isolated,oracle,64,6.895532914091037,0.24668683433297947,64,2.568281831356132,0.18776727448578134,23,23
0,nonnormal,isolated,random,64,0.6471354364628141,0.017632771333963976,64,0.20819130657712265,0.011675968387834,23,23
0,nonnormal,isolated,oracle,256,6.950174114689857,0.2013697870650261,256,2.568281831356132,0.18776727448578134,23,23
0,nonnormal,isolated,random,256,0.6461670596577476,0.013067606930055249,256,0.2081913065771224,0.011675968387833998,23,23
0,nonnormal,isolated,oracle,1024,6.959159273972791,0.19114097598864901,1024,2.5682818313561304,0.18776727448578154,23,23
0,nonnormal,isolated,random,1024,0.6467938169448241,0.012021038144672728,1024,0.2081913065771226,0.011675968387833953,23,23
0,nonnormal,isolated,oracle,4096,6.961425226111314,0.18860829770672216,4096,2.5682818313561304,0.18776727448578126,23,23
0,nonnormal,isolated,random,4096,0.6469690843151503,0.011762075530180369,4096,0.20819130657712237,0.011675968387833982,23,23
1,normal,open,oracle,64,1.3478738012780034,0.026879198839556077,64,0.35924201127059935,0.012599327838676639,63,24
1,normal,open,random,64,1.6647900299526874,0.035235871894455456,64,0.6748051479886901,0.02291522641580041,63,24
1,normal,open,oracle,256,1.3189236273487688,0.005188804395779911,256,0.3255271285997793,0.0010741122762045448,255,24
1,normal,open,random,256,1.777335119071478,0.00763519609798055,256,0.710418511457513,0.0026547996828766704,255,24
1,normal,open,oracle,1024,1.3141880703430413,0.0012839087579612006,1024,0.33262407524985893,0.000283635846582719,1023,24
1,normal,open,random,1024,1.7796427480086343,0.0017589494995600983,1024,0.7104964679540239,0.000630156924305486,1023,24
1,normal,open,oracle,4096,1.3141808034265037,0.00032102373673052,4096,0.3318321826115576,8.298873666051575e-05,4095,24
1,normal,open,random,4096,1.779678634138083,0.00043508399307998246,4096,0.7112857152209359,0.00022603743339038313,4095,24
1,normal,isolated,oracle,64,1.3854508057554211,0.04194038797950516,64,0.3669563197621941,0.028654307922076697,23,23
1,normal,isolated,random,64,1.6037494868255187,0.056195949983569055,64,0.6055494151722315,0.046677942072186444,23,23
1,normal,isolated,oracle,256,1.3704752673719325,0.03188514620399758,256,0.36695631976219373,0.02865430792207666,23,23
1,normal,isolated,random,256,1.6045164511876706,0.04895100652855137,256,0.6055494151722314,0.04667794207218641,23,23
1,normal,isolated,oracle,1024,1.3677298696512992,0.029457770427344637,1024,0.3669563197621938,0.028654307922076683,23,23
1,normal,isolated,random,1024,1.6053392770907653,0.04724111435869298,1024,0.6055494151722312,0.04667794207218635,23,23
1,normal,isolated,oracle,4096,1.3671508616242638,0.02885492438658515,4096,0.36695631976219417,0.028654307922076714,23,23
1,normal,isolated,random,4096,1.6054939109442534,0.04681843488085366,4096,0.6055494151722316,0.04667794207218645,23,23
1,nonnormal,open,oracle,64,6.507519075495675,0.12915800385256365,64,2.1697911250206903,0.0666974237442432,63,24
1,nonnormal,open,random,64,1.530078572523109,0.029001917470911815,64,0.4538159422572775,0.014763914960000278,63,24
1,nonnormal,open,oracle,256,6.63278674729346,0.02924839694047701,256,2.131365154963966,0.01396961652976291,255,24
1,nonnormal,open,random,256,1.4975105758845701,0.0061543763751735,256,0.4620801628708153,0.001646493605744286,255,24
1,nonnormal,open,oracle,1024,6.639303306511806,0.006524759968919449,1024,2.095084867001402,0.00160774819541776,1023,24
1,nonnormal,open,random,1024,1.4966024756150618,0.0014763310624187596,1024,0.47019053598103977,0.0004245628563754418,1023,24
1,nonnormal,open,oracle,4096,6.639331963404834,0.0016276100935271299,4096,2.0975632896451666,0.0006017599729728334,4095,24
1,nonnormal,open,random,4096,1.4965698544637287,0.0003654897812278184,4096,0.47008052283544993,0.00015757376813670712,4095,24
1,nonnormal,isolated,oracle,64,6.371847744658356,0.21132566602104294,64,2.0521717674040136,0.17103146335591426,23,23
1,nonnormal,isolated,random,64,1.4981258856790436,0.0437891431771772,64,0.4062136823599053,0.031499096258602706,23,23
1,nonnormal,isolated,oracle,256,6.517866783554713,0.18068840817661108,256,2.052171767404013,0.17103146335591388,23,23
1,nonnormal,isolated,random,256,1.4973591981070493,0.0344474328403035,256,0.40621368235990485,0.03149909625860266,23,23
1,nonnormal,isolated,oracle,1024,6.534760380568641,0.17342454339788435,1024,2.0521717674040123,0.17103146335591382,23,23
1,nonnormal,isolated,random,1024,1.4971284091715238,0.03223239983049673,1024,0.40621368235990507,0.031499096258602734,23,23
1,nonnormal,isolated,oracle,4096,6.538360670016238,0.17162843918651996,4096,2.0521717674040127,0.17103146335591346,23,23
1,nonnormal,isolated,random,4096,1.4970339460990656,0.03168217116891043,4096,0.40621368235990507,0.031499096258602685,23,23
2,normal,open,oracle,64,1.421180155977911,0.023945858941455428,64,0.4187627671675944,0.007066377720005933,63,24
2,normal,open,random,64,1.7234024135224448,0.028679303412364927,64,0.6181083592296364,0.007930958456817377,63,24
2,normal,open,oracle,256,1.411662787044901,0.005700687180529797,256,0.41883947088260454,0.0013566890102449556,255,24
2,normal,open,random,256,1.6885547394504,0.006812677946996995,256,0.6185809683792771,0.0025250187313631913,255,24
2,normal,open,oracle,1024,1.4110524806846039,0.0014150836080036478,1024,0.4195910091192321,0.0004490539138959029,1023,24
2,normal,open,random,1024,1.6870526121342944,0.001690847197030539,1024,0.6202699239370978,0.0006727611844325514,1023,24
2,normal,open,oracle,4096,1.4110319287619766,0.0003455508589556813,4096,0.4188946140854193,8.436816304293534e-05,4095,24
2,normal,open,random,4096,1.6869575109154578,0.0004133091270393546,4096,0.6198081333418249,8.079346581154755e-05,4095,24
2,normal,isolated,oracle,64,1.4193939785827645,0.04337229489926806,64,0.43233836326200015,0.0331851241546583,23,23
2,normal,isolated,random,64,1.6773311339422674,0.06639820882154832,64,0.681965910887321,0.05648272196755567,23,23
2,normal,isolated,oracle,256,1.429884548624407,0.03562673674109188,256,0.43233836326200026,0.033185124154658296,23,23
2,normal,isolated,random,256,1.680519000972562,0.05881922659953307,256,0.6819659108873211,0.05648272196755567,23,23
2,normal,isolated,oracle,1024,1.4317421338421985,0.03379051589688893,1024,0.4323383632619999,0.03318512415465825,23,23
2,normal,isolated,random,1024,1.6816163886916315,0.057059874924202204,1024,0.6819659108873204,0.05648272196755566,23,23
2,normal,isolated,oracle,4096,1.4321905234629146,0.033336177144684176,4096,0.43233836326200015,0.03318512415465828,23,23
2,normal,isolated,random,4096,1.6818788867053391,0.05662659723336729,4096,0.6819659108873206,0.05648272196755567,23,23
2,nonnormal,open,oracle,64,8.183717739200581,0.13317732083566047,64,3.2083513542995306,0.03896197534390712,63,24
2,nonnormal,open,random,64,1.0201888024159294,0.017238845731579175,64,0.2764687744083558,0.0028704098829881305,63,24
2,nonnormal,open,oracle,256,8.415035495249658,0.03330965179793413,256,3.3155119965668134,0.010871512865627335,255,24
2,nonnormal,open,random,256,0.9725256916699968,0.0038700716657861,256,0.2509641603526671,0.0012662007079973217,255,24
2,nonnormal,open,oracle,1024,8.44681047130112,0.008814484321672615,1024,3.415685136080576,0.003072427434915586,1023,24
2,nonnormal,open,random,1024,0.9625046734139029,0.000949002937278692,1024,0.24656809496192,0.00011568586279814658,1023,24
2,nonnormal,open,oracle,4096,8.448517940608504,0.0020846231059980062,4096,3.440376427527666,0.0005572736514996187,4095,24
2,nonnormal,open,random,4096,0.961974774695366,0.0002353379821732625,4096,0.2456742376745584,3.433460484471328e-05,4095,24
2,nonnormal,isolated,oracle,64,7.511429592544004,0.31241458078391354,64,3.0145207614467786,0.27998166968608085,23,23
2,nonnormal,isolated,random,64,1.06801227846172,0.03546699057769137,64,0.2922513060497831,0.029521053351339355,23,23
2,nonnormal,isolated,oracle,256,7.5771556948975025,0.28779106439924074,256,3.0145207614467777,0.27998166968608096,23,23
2,nonnormal,isolated,random,256,1.0580277896823387,0.030877586066745663,256,0.29225130604978317,0.029521053351339352,23,23
2,nonnormal,isolated,oracle,1024,7.5904245467684,0.28192088340257887,1024,3.014520761446777,0.27998166968608074,23,23
2,nonnormal,isolated,random,1024,1.0557457717654133,0.029854663024640203,1024,0.29225130604978283,0.029521053351339362,23,23
2,nonnormal,isolated,oracle,4096,7.59343590912282,0.28046532136343455,4096,3.0145207614467755,0.2799816696860803,23,23
2,nonnormal,isolated,random,4096,1.0552196701478191,0.029604180339550798,4096,0.2922513060497829,0.029521053351339397,23,23
3,normal,open,oracle,64,1.344633686738216,0.021706337298493323,64,0.34692562355408074,0.00575455510069033,63,24
3,normal,open,random,64,1.773078224096178,0.03205650289668484,64,0.6845456672628951,0.01768278489846528,63,24
3,normal,open,oracle,256,1.3434870020006304,0.006203497922751633,256,0.39848129533400156,0.0023745892179865987,255,24
3,normal,open,random,256,1.7227933029029305,0.007148931939686231,256,0.6386862468689596,0.0015967958149378813,255,24
3,normal,open,oracle,1024,1.381705334275354,0.0016484506832809358,1024,0.41120587671278386,0.0006508249061241487,1023,24
3,normal,open,random,1024,1.7287514860802975,0.0017787204526452615,1024,0.6200052640583087,0.000715101171243904,1023,24
3,normal,open,oracle,4096,1.385179358711107,0.0004138708126880306,4096,0.41132122552177164,0.00017898996695731744,4095,24
3,normal,open,random,4096,1.7293023140216346,0.00044372018269730204,4096,0.6196633733618941,0.00011348756043261617,4095,24
3,normal,isolated,oracle,64,1.4151741630283068,0.03805544570346662,64,0.41029082883722023,0.027872821707634762,23,23
3,normal,isolated,random,64,1.670333490274894,0.048104814633232774,64,0.6560213974102072,0.03377354182459808,23,23
3,normal,isolated,oracle,256,1.4109824189629532,0.030239051611406116,256,0.4102908288372201,0.02787282170763474,23,23
3,normal,isolated,random,256,1.6595768946325944,0.03707673945914446,256,0.6560213974102068,0.033773541824598095,23,23
3,normal,isolated,oracle,1024,1.4104881794234925,0.0284554977069164,1024,0.4102908288372198,0.027872821707634738,23,23
3,normal,isolated,random,1024,1.6568416353815698,0.034585121149539405,1024,0.6560213974102064,0.03377354182459806,23,23
3,normal,isolated,oracle,4096,1.4103375935130624,0.02801796392643438,4096,0.4102908288372201,0.027872821707634773,23,23
3,normal,isolated,random,4096,1.656225638293276,0.033975587948852776,4096,0.6560213974102068,0.03377354182459807,23,23
3,nonnormal,open,oracle,64,6.648048311943439,0.13815208741589252,64,2.5963153789639586,0.06217543837404649,63,24
3,nonnormal,open,random,64,1.330141694533383,0.02241362131256576,64,0.4590710112155687,0.012350700101210081,63,24
3,nonnormal,open,oracle,256,6.906274228007209,0.03153462721194193,256,2.7100358692095474,0.010160988473917177,255,24
3,nonnormal,open,random,256,1.3212349969015942,0.005210424686584523,256,0.4809064165616861,0.0010313031625564344,255,24
3,nonnormal,open,oracle,1024,6.960810127893449,0.0079033588449129,1024,2.659326092210364,0.0047362948911078345,1023,24
3,nonnormal,open,random,1024,1.298268677459528,0.0012801050421553338,1024,0.46834807013056595,0.0006769205482390859,1023,24
3,nonnormal,open,oracle,4096,6.960447459135238,0.0019670318381979734,4096,2.620170491130212,0.0007553006083545828,4095,24
3,nonnormal,open,random,4096,1.2942913672306808,0.00032166319545573474,4096,0.467835998726269,6.0627416640494086e-05,4095,24
3,nonnormal,isolated,oracle,64,6.925683268417337,0.23768889259969642,64,2.6058741027915975,0.18869252540518228,23,23
3,nonnormal,isolated,random,64,1.2279167314220807,0.035280052097679995,64,0.4250357411390634,0.026539969654858886,23,23
3,nonnormal,isolated,oracle,256,7.016405343030276,0.2004754759372381,256,2.605874102791596,0.1886925254051824,23,23
3,nonnormal,isolated,random,256,1.201035933378562,0.028625114102122363,256,0.42503574113906295,0.026539969654858844,23,23
3,nonnormal,isolated,oracle,1024,7.041969324458647,0.19161919989572998,1024,2.6058741027915975,0.18869252540518222,23,23
3,nonnormal,isolated,random,1024,1.1974310349374289,0.027057448502237503,1024,0.42503574113906323,0.026539969654858882,23,23
3,nonnormal,isolated,oracle,4096,7.048272379552044,0.18942317064185918,4096,2.6058741027915975,0.18869252540518203,23,23
3,nonnormal,isolated,random,4096,1.1965355130530837,0.02666892438194512,4096,0.4250357411390634,0.02653996965485895,23,23
4,normal,open,oracle,64,1.4091075105480904,0.02298567681195095,64,0.407544582115473,0.008256515980166848,63,24
4,normal,open,random,64,1.2683747323564738,0.022697831396377217,64,0.3198712580560188,0.005487499784254167,63,24
4,normal,open,oracle,256,1.315162955974491,0.005517955223161284,256,0.39482741231001084,0.0020510857818735006,255,24
4,normal,open,random,256,1.296009475550151,0.0059969619863699305,256,0.35443696119582924,0.002355080007078834,255,24
4,normal,open,oracle,1024,1.3046430835553906,0.0013066868344708462,1024,0.384930931973622,0.0005206401876465897,1023,24
4,normal,open,random,1024,1.3007231106575767,0.0014034757610622024,1024,0.37158774892119817,0.0002771759929888424,1023,24
4,normal,open,oracle,4096,1.3044125812218499,0.0003193968361734026,4096,0.38415402212334404,4.293054513899217e-05,4095,24
4,normal,open,random,4096,1.3007604405627569,0.00032245076648936764,4096,0.3730195684000437,0.00011031337156179418,4095,24
4,normal,isolated,oracle,64,1.477692259536095,0.04872237727426622,64,0.4804858808575387,0.03829966407723578,23,23
4,normal,isolated,random,64,1.294200480815615,0.03073543869651673,64,0.28522771192774277,0.017861601487550803,23,23
4,normal,isolated,oracle,256,1.4806587977041283,0.04071165807094712,256,0.48048588085753885,0.038299664077235784,23,23
4,normal,isolated,random,256,1.2883180866078408,0.020971868632603426,256,0.2852277119277429,0.017861601487550827,23,23
4,normal,isolated,oracle,1024,1.4804610424880096,0.03889337462988244,1024,0.48048588085753907,0.03829966407723582,23,23
4,normal,isolated,random,1024,1.285980678055163,0.018633820925464957,1024,0.285227711927743,0.017861601487550824,23,23
4,normal,isolated,oracle,4096,1.4804832946838542,0.03844754429842809,4096,0.48048588085753907,0.03829966407723586,23,23
4,normal,isolated,random,4096,1.2854155854178781,0.018054339272354312,4096,0.28522771192774277,0.017861601487550807,23,23
4,nonnormal,open,oracle,64,7.663432669347768,0.11169892538841858,64,2.4953887435859174,0.054428840789753435,63,24
4,nonnormal,open,random,64,2.308825774810227,0.04169309440269219,64,0.8200535831863731,0.02182985001747007,63,24
4,nonnormal,open,oracle,256,7.486970461029996,0.030852086892590964,256,2.7015104188002006,0.009302035504521751,255,24
4,nonnormal,open,random,256,2.330190659337084,0.011221233210977703,256,0.9092580494695165,0.005772908104923557,255,24
4,nonnormal,open,oracle,1024,7.486577555427672,0.0075078200750947925,1024,2.753019351770127,0.002569402215815836,1023,24
4,nonnormal,open,random,1024,2.3319204429871103,0.0024655844292983974,1024,0.9128209677376631,0.0008784553489384852,1023,24
4,nonnormal,open,oracle,4096,7.486869715295297,0.0018326496745143877,4096,2.7612180324458384,0.00040304437769351,4095,24
4,nonnormal,open,random,4096,2.3318657670911245,0.0005739383678295327,4096,0.9137664475876648,0.0001713658451966824,4095,24
4,nonnormal,isolated,oracle,64,7.151524704703377,0.24858204803021766,64,2.53027878083972,0.21645970588221808,23,23
4,nonnormal,isolated,random,64,2.4083353043256945,0.09536756544994746,64,0.8823139247343079,0.0800986672484529,23,23
4,nonnormal,isolated,oracle,256,7.088876386535685,0.22410254036237096,256,2.530278780839719,0.21645970588221744,23,23
4,nonnormal,isolated,random,256,2.430536891092153,0.08367061172782753,256,0.8823139247343077,0.08009866724845272,23,23
4,nonnormal,isolated,oracle,1024,7.077430631277229,0.21834602681908669,1024,2.5302787808397205,0.21645970588221797,23,23
4,nonnormal,isolated,random,1024,2.4335077783576406,0.08098597707815472,1024,0.8823139247343081,0.0800986672484528,23,23
4,nonnormal,isolated,oracle,4096,7.074791437820587,0.2169305427237535,4096,2.5302787808397196,0.21645970588221788,23,23
4,nonnormal,isolated,random,4096,2.434218349178204,0.08032007766389296,4096,0.8823139247343079,0.0800986672484528,23,23
5,normal,open,oracle,64,1.2569305590973072,0.01858346643093978,64,0.1993183452777799,0.004950132753521414,63,24
5,normal,open,random,64,1.7628249049385558,0.037017181667355556,64,0.7816074168325893,0.018293193252161763,63,24
5,normal,open,oracle,256,1.2560713361298412,0.005107210235571667,256,0.2664888040405532,0.0008984714351542462,255,24
5,normal,open,random,256,1.9055285245908102,0.009189258543290928,256,0.8499131964647073,0.005677436222104337,255,24
5,normal,open,oracle,1024,1.2547267910281912,0.0012500592854483733,1024,0.2879688328277993,0.00017682717821162775,1023,24
5,normal,open,random,1024,1.9322906782586382,0.0020143852095783647,1024,0.8756346717005588,0.0007301484432356553,1023,24
5,normal,open,oracle,4096,1.254689018483568,0.00030466989437534476,4096,0.28866018610556204,4.0216901552727725e-05,4095,24
5,normal,open,random,4096,1.9323803859570612,0.00046561212322698045,4096,0.8752787778815154,0.00021618902611684896,4095,24
5,normal,isolated,oracle,64,1.2393852788707247,0.02869869632081055,64,0.21087933093057956,0.014621974843306832,23,23
5,normal,isolated,random,64,1.589453892222721,0.0621413016164806,64,0.5893373989775912,0.05157460405512103,23,23
5,normal,isolated,oracle,256,1.217020373254399,0.01804723920790687,256,0.21087933093057937,0.014621974843306804,23,23
5,normal,isolated,random,256,1.5897076400699468,0.05408331832218085,256,0.5893373989775906,0.05157460405512102,23,23
5,normal,isolated,oracle,1024,1.2123902951893868,0.01547359622223342,1024,0.2108793309305793,0.014621974843306802,23,23
5,normal,isolated,random,1024,1.589470611554647,0.052195416035103206,1024,0.5893373989775907,0.05157460405512103,23,23
5,normal,isolated,oracle,4096,1.2112556710766018,0.01483460076666884,4096,0.2108793309305792,0.01462197484330679,23,23
5,normal,isolated,random,4096,1.5893715004018942,0.0517294318964259,4096,0.5893373989775905,0.05157460405512103,23,23
5,nonnormal,open,oracle,64,6.416793093072767,0.10036349156497454,64,2.0654262349444608,0.04016651580814303,63,24
5,nonnormal,open,random,64,1.7084522876137016,0.03315193953568224,64,0.49086602896627596,0.011739810850267228,63,24
5,nonnormal,open,oracle,256,6.239162585501893,0.02465528404295315,256,2.1240489337361863,0.012834107300311521,255,24
5,nonnormal,open,random,256,1.7243786740891944,0.007107568010108833,256,0.4976929293075189,0.0024422250420491954,255,24
5,nonnormal,open,oracle,1024,6.215338618153098,0.006095845525443237,1024,2.1521908211235132,0.001439588863332581,1023,24
5,nonnormal,open,random,1024,1.7246789477501143,0.0016939756037787862,1024,0.4942658631803235,0.00033536568058824354,1023,24
5,nonnormal,open,oracle,4096,6.215606965181128,0.0015137961806883616,4096,2.1587180071589525,0.0005597859034118817,4095,24
5,nonnormal,open,random,4096,1.7246690421932163,0.0004203372020134315,4096,0.4972910465507454,7.238476325642337e-05,4095,24
5,nonnormal,isolated,oracle,64,6.5956156356037665,0.23987343409798112,64,2.4884375894720114,0.204757722507833,23,23
5,nonnormal,isolated,random,64,1.7926490030103253,0.06288194851531666,64,0.4576289470799185,0.04975916409185471,23,23
5,nonnormal,isolated,oracle,256,6.514176250750275,0.2131814276350662,256,2.488437589472012,0.2047577225078329,23,23
5,nonnormal,isolated,random,256,1.7741336154983338,0.05284986768123831,256,0.4576289470799188,0.049759164091854775,23,23
5,nonnormal,isolated,oracle,1024,6.509403701473805,0.20685378666367302,1024,2.48843758947201,0.20475772250783275,23,23
5,nonnormal,isolated,random,1024,1.771555464671481,0.05052388706481177,1024,0.4576289470799186,0.049759164091854845,23,23
5,nonnormal,isolated,oracle,4096,6.509556788766332,0.20528048120691947,4096,2.4884375894720114,0.2047577225078329,23,23
5,nonnormal,isolated,random,4096,1.770869713624406,0.04994969421900065,4096,0.45762894707991875,0.04975916409185474,23,23
6,normal,open,oracle,64,1.3611544047798678,0.028225561647009546,64,0.4653906401431043,0.013026851926490071,63,24
6,normal,open,random,64,1.721132292766494,0.03453446012825483,64,0.6038295677457985,0.01734007171015082,63,24
6,normal,open,oracle,256,1.3653451268837025,0.007149808664005427,256,0.4517881062103069,0.0026231012290105216,255,24
6,normal,open,random,256,1.777135074019396,0.00934054287199672,256,0.7185796023271243,0.00567487480324914,255,24
6,normal,open,oracle,1024,1.3660936769493488,0.0013764512059655822,1024,0.44327792907864005,0.00043120382305660715,1023,24
6,normal,open,random,1024,1.7849310403317278,0.0017741345879217286,1024,0.7325340116011527,0.0003661513639610139,1023,24
6,normal,open,oracle,4096,1.3661365094526312,0.0003359439674746977,4096,0.4401303748379658,0.00011492417832716234,4095,24
6,normal,open,random,4096,1.7846544932609345,0.00043887002047458097,4096,0.7364591125394118,0.00022413714935991575,4095,24
6,normal,isolated,oracle,64,1.404757351443942,0.04480203007241897,64,0.40046066984972883,0.034322091097038925,23,23
6,normal,isolated,random,64,1.5553091968827388,0.053520654737307584,64,0.5403634050348681,0.04226626597085547,23,23
6,normal,isolated,oracle,256,1.401848892286277,0.036823639704146476,256,0.4004606698497291,0.03432209109703898,23,23
6,normal,isolated,random,256,1.543688559301804,0.04495137012902835,256,0.5403634050348682,0.04226626597085552,23,23
6,normal,isolated,oracle,1024,1.4007985454656466,0.03494169675419186,1024,0.4004606698497293,0.03432209109703901,23,23
6,normal,isolated,random,1024,1.5412483255896183,0.0429310862098184,1024,0.5403634050348683,0.04226626597085548,23,23
6,normal,isolated,oracle,4096,1.4005451373168851,0.034476650536227824,4096,0.4004606698497295,0.03432209109703906,23,23
6,normal,isolated,random,4096,1.5405761355398018,0.042432086840269626,4096,0.5403634050348687,0.04226626597085544,23,23
6,nonnormal,open,oracle,64,5.948820163877838,0.10158602235094137,64,1.5889560285422824,0.043846595193510265,63,24
6,nonnormal,open,random,64,1.9260794029488995,0.040542289119341546,64,0.7446572318792432,0.024332508016062685,63,24
6,nonnormal,open,oracle,256,5.904615214287965,0.026869500106747834,256,1.6672516638552974,0.012010232245214825,255,24
6,nonnormal,open,random,256,2.013040874777319,0.009883189891515473,256,0.8033707593072273,0.004627789375731858,255,24
6,nonnormal,open,oracle,1024,5.902266145728563,0.005834963977208472,1024,1.7052006713260153,0.001567476219434306,1023,24
6,nonnormal,open,random,1024,2.0170654928251635,0.001995123072693592,1024,0.8089523893252405,0.0007859321386230635,1023,24
6,nonnormal,open,oracle,4096,5.902325631014803,0.0014429106512082273,4096,1.7115940234163705,0.0006204689513838451,4095,24
6,nonnormal,open,random,4096,2.0172091791835243,0.0004934698852676092,4096,0.8121259438573145,0.0002113340174237113,4095,24
6,nonnormal,isolated,oracle,64,5.907718698490943,0.154664150402093,64,1.5722059672165938,0.10697631777198144,23,23
6,nonnormal,isolated,random,64,1.81049643571713,0.06275010663058607,64,0.6151168083978623,0.05277424626990957,23,23
6,nonnormal,isolated,oracle,256,5.932434169929055,0.11858857190749043,256,1.5722059672165947,0.10697631777198194,23,23
6,nonnormal,isolated,random,256,1.812570591944512,0.05513573634416559,256,0.6151168083978622,0.05277424626990949,23,23
6,nonnormal,isolated,oracle,1024,5.934363811139473,0.10987872652068555,1024,1.5722059672165951,0.10697631777198201,23,23
6,nonnormal,isolated,random,1024,1.8131434483443218,0.05335781137828647,1024,0.6151168083978622,0.052774246269909494,23,23
6,nonnormal,isolated,oracle,4096,5.934406001332041,0.10770089772961497,4096,1.5722059672165933,0.10697631777198187,23,23
6,nonnormal,isolated,random,4096,1.8133034821578122,0.052920021748750615,4096,0.6151168083978622,0.05277424626990955,23,23
7,normal,open,oracle,64,1.4223667990896318,0.025784814975124068,64,0.4232987957121246,0.011621374177460158,63,24
7,normal,open,random,64,1.3049709121644182,0.026087385442041453,64,0.35346678945466975,0.00987583552059467,63,24
7,normal,open,oracle,256,1.391104208949836,0.006143181957199465,256,0.39129213784765127,0.0019383757556632399,255,24
7,normal,open,random,256,1.3126944798867173,0.00578589022442195,256,0.3087563118438459,0.0012089484988833067,255,24
7,normal,open,oracle,1024,1.3861593372936976,0.0014701564049669801,1024,0.39813678931882857,0.0006353918841617957,1023,24
7,normal,open,random,1024,1.3146690438387647,0.0012968972071891174,1024,0.30734876757592966,0.0003302401024296711,1023,24
7,normal,open,oracle,4096,1.3860973694361425,0.00034036953099382154,4096,0.39941988141130524,7.763947413939201e-05,4095,24
7,normal,open,random,4096,1.3147099494113537,0.0003218568450525618,4096,0.3065096738481414,0.00011748228414554125,4095,24
7,normal,isolated,oracle,64,1.4580052499297091,0.04652009807614823,64,0.45976467296730145,0.03672091526034854,23,23
7,normal,isolated,random,64,1.337636019987098,0.03774464425628097,64,0.35603939690559816,0.02436241752275101,23,23
7,normal,isolated,oracle,256,1.459805079378833,0.039012727047781186,256,0.45976467296730184,0.036720915260348576,23,23
7,normal,isolated,random,256,1.3527595892416315,0.027594733182777297,256,0.35603939690559855,0.024362417522751065,23,23
7,normal,isolated,oracle,1024,1.4598097479443461,0.037286025565229385,1024,0.4597646729673016,0.03672091526034855,23,23
7,normal,isolated,random,1024,1.3552878497163197,0.025164879698670786,1024,0.35603939690559844,0.02436241752275106,23,23
7,normal,isolated,oracle,4096,1.459772924841125,0.03686172723850988,4096,0.45976467296730156,0.03672091526034854,23,23
7,normal,isolated,random,4096,1.355850231441057,0.024562699720841043,4096,0.3560393969055984,0.02436241752275107,23,23
7,nonnormal,open,oracle,64,6.331570630086644,0.11874305053502628,64,2.248779528389319,0.06615627817155,63,24
7,nonnormal,open,random,64,1.367562160141473,0.025592354771255616,64,0.4197167594168286,0.012537562401366897,63,24
7,nonnormal,open,oracle,256,6.307432630625696,0.027790850020350415,256,2.105230619061832,0.010237381977221934,255,24
7,nonnormal,open,random,256,1.3175951490846645,0.006325752882663194,256,0.3675931019569155,0.002644743176334777,255,24
7,nonnormal,open,oracle,1024,6.305922007581673,0.006292223931937375,1024,2.0878810072940124,0.0017954411315264005,1023,24
7,nonnormal,open,random,1024,1.3172085190291218,0.0014374185125302105,1024,0.3669426808931868,0.00043986680408598754,1023,24
7,nonnormal,open,oracle,4096,6.30605995342611,0.0015467153604768577,4096,2.0954708113873157,0.00048776588538102775,4095,24
7,nonnormal,open,random,4096,1.3171983897619643,0.00032414670068288014,4096,0.36662787761138055,6.900298480311773e-05,4095,24
7,nonnormal,isolated,oracle,64,6.229765561797678,0.1962447062690178,64,2.0117519274133646,0.1526270818551783,23,23
7,nonnormal,isolated,random,64,1.3750207391748521,0.043971198383255784,64,0.4536678130529298,0.034534887840671755,23,23
7,nonnormal,isolated,oracle,256,6.259794285240736,0.16316306927124338,256,2.011751927413365,0.15262708185517848,23,23
7,nonnormal,isolated,random,256,1.3889265203971708,0.03677691108799903,256,0.45366781305292986,0.03453488784067172,23,23
7,nonnormal,isolated,oracle,1024,6.259416752515308,0.15523586176034193,1024,2.011751927413364,0.15262708185517848,23,23
7,nonnormal,isolated,random,1024,1.3905481394334616,0.0350908240929245,1024,0.4536678130529298,0.034534887840671664,23,23
7,nonnormal,isolated,oracle,4096,6.259245308658905,0.1532795099761141,4096,2.0117519274133637,0.15262708185517826,23,23
7,nonnormal,isolated,random,4096,1.3908598958290048,0.034673496604587184,4096,0.4536678130529297,0.03453488784067163,23,23
