draw_index,writer_type,oracle_overlap,R_own_t0,R_cross_t0_from_t12,G_star_t0,G_learn_t0,C_t0,separation_negligible_t0,diagonal_dominant_t0,A_sub_own_t0,accuracy_own_t0,lambda_max_t0,oracle_minus_random_t0,R_own_t12,R_cross_t12_from_t0,G_star_t12,G_learn_t12,C_t12,separation_negligible_t12,diagonal_dominant_t12,A_sub_own_t12,accuracy_own_t12,lambda_max_t12,oracle_minus_random_t12
16,normal,0.2099896909214189,0.9989237932959544,0.5651932884232401,0.4172745982378545,0.43373050487271425,1.0394366364603855,False,True,0.9958769908369435,0.69794,0.11749965736080009,0.08810000000000007,0.9986146704323269,0.5369824437594409,0.4584240770562146,0.46163222667288595,1.0069982136131954,False,True,0.9963094798765496,0.6713,0.08743356588059167,0.08525000000000005
16,nonnormal,0.6257187519561536,0.9994230876316659,0.7340036712946715,0.2677889339185088,0.2654194163369944,0.9911515477998226,False,True,0.9990615589750345,0.77434,0.25899373894274935,0.16749000000000003,0.9995195385386931,0.7440527536324981,0.25427329405427346,0.255466784906195,1.0046937326090832,False,True,0.9992132496376667,0.7234,0.1546531850444918,0.13871999999999995
17,normal,0.17967714500836146,0.9991361931346848,0.5805563956345702,0.4209514974623403,0.41857979750011465,0.9943658593055894,False,True,0.9965061175677432,0.70674,0.13473039638872394,0.09313999999999989,0.9983029081788326,0.6717110488743451,0.3290610924364076,0.32659185930448753,0.9924961255260002,False,True,0.9941469676947585,0.66548,0.08152953121590983,0.07696999999999998
17,nonnormal,0.9300497830783958,0.9992627266104218,0.9192120607594828,0.08027489623627126,0.080050665850939,0.9972067184656049,False,True,0.9976274232173108,0.7717,0.2544921470278127,0.16369,0.999550504302816,0.8981588690441048,0.10461602162491535,0.1013916352587112,0.9691788474067128,False,True,0.9993164120373103,0.72184,0.15413617106248215,0.14300000000000002
18,normal,0.10016985903238435,0.9988630321667646,0.5046083814837798,0.4892309247411303,0.4942546506829848,1.0102686189441372,False,True,0.9956522961052617,0.7089,0.13209733390328193,0.09972999999999999,0.9992305539285606,0.4890621700428782,0.5105237236693061,0.5101683838856824,0.9993039700857196,False,True,0.9984188709198863,0.67782,0.09656626167532392,0.08696999999999999
18,nonnormal,0.585395112096641,0.999385086997071,0.6001363426996438,0.3978581708953147,0.3992487442974272,1.0034951485324108,False,True,0.9979656185052649,0.7397,0.1837660104709601,0.13407999999999998,0.9994955244308072,0.6147943332884648,0.38554358773938535,0.38470119114234247,0.9978150418685933,False,True,0.9992929935954122,0.7233,0.1547228747403359,0.13818000000000008
19,normal,0.22863929912247355,0.9989578199995157,0.42806616366621525,0.574291864629304,0.5708916563333004,0.9940793026935905,False,True,0.9966054015263724,0.70616,0.1307169355098402,0.09599999999999997,0.9982859117369988,0.5261845909478643,0.4755164824002164,0.47210132078913447,0.9928179953009335,False,True,0.9964508612316627,0.66328,0.07814638878264343,0.08283000000000007
19,nonnormal,0.4469192110418552,0.9995296992919979,0.46780532458148283,0.5304782681578559,0.531724374710515,1.0023490246961224,False,True,0.9986449971740837,0.76786,0.22510082501939394,0.14923000000000008,0.9994733069046174,0.5767910711550975,0.42072391950223054,0.4226822357495199,1.0046546349197505,False,True,0.999090517138314,0.72768,0.16334713671215362,0.14257000000000009
20,normal,0.40501780143531163,0.9987945872292375,0.6257187388334517,0.37473304031687316,0.3730758483957858,0.9955776733226244,False,True,0.9954297906613266,0.70872,0.12941941526472825,0.09489999999999998,0.9983695533623196,0.5282978652288683,0.4762667326512915,0.47007168813345124,0.9869924895166338,False,True,0.9955493442892046,0.67168,0.0873063314291618,0.0826
20,nonnormal,0.7398700426139542,0.9993995264983259,0.7643333297127116,0.23303721427584434,0.23506619678561425,1.008706688826825,False,True,0.9989365952517394,0.77314,0.2437706098044788,0.15961000000000003,0.9994752626978007,0.7385014534937698,0.26124080025617846,0.2609738092040309,0.998977988691331,False,True,0.9991323603878146,0.72532,0.16411308481632492,0.14524000000000004
21,normal,0.30671270978419496,0.9986458396396111,0.6355993550558446,0.37063677083240765,0.3630464845837664,0.9795209573200352,False,True,0.9893969992132254,0.71226,0.14096259328551725,0.09982999999999997,0.9985237817460216,0.6902584285656673,0.3043755266238929,0.3082653531803543,1.0127796955281099,False,True,0.9885159078486211,0.6604,0.07519051444399938,0.07554000000000005
21,nonnormal,0.5430783959291635,0.9994614436301946,0.6721614094094382,0.32990964435530745,0.3273000342207564,0.9920899246833155,False,True,0.9982671126444248,0.7743,0.253051595094536,0.1595200000000001,0.9996105247787261,0.5468722080517683,0.45688977093325955,0.45273831672695786,0.9909136634908201,False,True,0.9993053358181821,0.70722,0.1342017773520259,0.13097000000000003
22,normal,0.38759103419688634,0.9991303455017501,0.31178497103673886,0.6928199549320572,0.6873453744650112,0.9920981195358571,False,True,0.9966608317764649,0.70548,0.1297574751931075,0.10290999999999995,0.9987973273446391,0.5275116709026795,0.4739330393971882,0.47128565644195963,0.9944140147760201,False,True,0.9974210057508924,0.6774,0.093752206903198,0.09021000000000001
22,nonnormal,0.4046799537658556,0.9993708598062145,0.6530170487284618,0.3464449176657597,0.34635381107775276,0.9997370243194191,False,True,0.9931526262058167,0.7717,0.2412989990133645,0.1517599999999999,0.9990319081707816,0.6300112834546335,0.3685320827806605,0.36902062471614805,1.0013256428905766,False,True,0.9982172299099946,0.69864,0.12180932532311677,0.11479000000000006
23,normal,0.21871796358242285,0.9988198540181252,0.48920215231977227,0.5148952740441458,0.509617701698353,0.9897502023968074,False,True,0.9976603846548652,0.71948,0.15519026958495039,0.1075799999999999,0.9986320034315604,0.583020976404675,0.41305981563123717,0.41561102702688546,1.0061763727651636,False,True,0.9964091504096798,0.67158,0.08717998825225005,0.08331
23,nonnormal,0.7148572298009991,0.9991706601450944,0.60739859050082,0.39330770518361446,0.39177206964427436,0.9960955874520099,False,True,0.9984858179628462,0.78022,0.2629886097060645,0.1604199999999999,0.9993659255993177,0.696825304131961,0.3034322143258338,0.3025406214673567,0.997061640734297,False,True,0.9987616260542874,0.7013,0.12261157546577484,0.11658000000000013
24,normal,0.09338925085898109,0.999117783263327,0.4235091724897639,0.5725940718388247,0.5756086107735632,1.005264705107857,False,True,0.9934220588846931,0.7116,0.1369485277427079,0.09316999999999998,0.9988687203534112,0.6545642890116473,0.3418627043387781,0.3443044313417639,1.0071424199598156,False,True,0.9966576672770938,0.65884,0.0744583215757508,0.07651000000000008
24,nonnormal,0.8182381258638085,0.9994890044034493,0.8190984930065629,0.18029094135217905,0.18039051139688644,1.0005522742516104,False,True,0.9990292428733266,0.77994,0.27228511590965543,0.16211999999999993,0.9988967796691114,0.8236260273887429,0.17506927909722303,0.17527075228036848,1.0011508197450998,False,True,0.9977717536348194,0.70834,0.13299181535732787,0.12899000000000005
25,normal,0.6334928810725724,0.9989028423857481,0.7072077882956675,0.2840315635048908,0.29169505409008056,1.02698112312105,False,True,0.9970993073518258,0.7137,0.1438836788719112,0.10148000000000001,0.9989725125168436,0.7225064523684367,0.2795357518374927,0.2764660601484069,0.9890186079279393,False,True,0.9958572283944537,0.66882,0.08247646367553944,0.07594999999999996
25,nonnormal,0.4745580009681707,0.9993940969189706,0.773948069282754,0.22547357468806595,0.22544602763621668,0.999877825807803,False,True,0.9976515748291549,0.77764,0.26318498460873957,0.15459,0.9995090201189593,0.6176018686657402,0.3787779303412907,0.3819071514532191,1.0082613607110342,False,True,0.9991961619293954,0.72276,0.15353583215275735,0.1372500000000001
26,normal,0.5511003485141193,0.9988743105828367,0.5762994593391187,0.41297519087864054,0.42257485124371796,1.0232451260441415,False,True,0.9954569838556455,0.70644,0.12889348989369911,0.09199000000000002,0.9987783977229485,0.7435902721924639,0.2516578990352666,0.25518812553048464,1.014027878754258,False,True,0.9963529394914187,0.65638,0.07055523869407505,0.07305000000000006
26,nonnormal,0.899802751465832,0.9996263117559766,0.8505810958430714,0.146682157822964,0.1490452159129052,1.0161100581353135,False,True,0.9994302195312648,0.79012,0.29500197085784946,0.18498000000000003,0.9990462235535568,0.8740566671873162,0.12769390686759907,0.12498955636624054,0.9788216167262971,False,True,0.9980420177471245,0.71204,0.13663858825666458,0.12711000000000006
27,normal,0.29410387931742393,0.9990036731336969,0.5310236497715984,0.4612102723898962,0.46798002336209843,1.0146782311181466,False,True,0.9953166862144661,0.70636,0.13278391247034085,0.0917,0.9990718284686726,0.5186996993326682,0.47544440442900415,0.48037212913600436,1.010364460410294,False,True,0.9966904702250675,0.6613,0.08112800795719441,0.08180999999999994
27,nonnormal,0.8806070760106078,0.9995352389034893,0.8287782721627653,0.17122857214768616,0.17075696674072394,0.9972457551853234,False,True,0.9990364138925099,0.77476,0.2531826120860515,0.15954000000000002,0.9995488449796841,0.8104916770745151,0.1883981399808642,0.18905716790516902,1.0034980596112668,False,True,0.9993312834154933,0.74038,0.18097178723321172,0.15371
28,normal,0.22272627510536558,0.9989100529046183,0.36109424710763166,0.6438975757035905,0.6378158057969867,0.9905547557001465,False,True,0.9947823752941874,0.7078,0.13532326440289766,0.09535000000000005,0.9986943025610727,0.5271322984719133,0.48440665918650794,0.4715620040891594,0.9734837355066106,False,True,0.9957721616535974,0.6711,0.08901045407074955,0.08418999999999999
28,nonnormal,0.6857480900499637,0.9995867226114068,0.6527231015057681,0.3437453495114091,0.34686362110563873,1.0090714582718336,False,True,0.9989876845608471,0.76092,0.2209212189205941,0.15466000000000002,0.9994625814782405,0.6922110423066603,0.31105700931780256,0.3072515391715802,0.9877660041978532,False,True,0.9991596521338179,0.73252,0.1739909690452696,0.15319000000000005
29,normal,0.38172113962401527,0.9988790696677068,0.5998514058112,0.39726660616948584,0.3990276638565068,1.0044329366215836,False,True,0.9962984879313621,0.73206,0.17051953005542064,0.11982999999999999,0.9985259585663399,0.4987231409666374,0.5035773705588384,0.49980281759970246,0.9925045222843369,False,True,0.9934536324708024,0.68324,0.10175274651964987,0.09849000000000008
29,nonnormal,0.7086091481507144,0.9990821554731574,0.8189481700613012,0.17963019610752073,0.1801339854118562,1.0028045914064132,False,True,0.9980907725029139,0.7494,0.20583512645929522,0.13802999999999999,0.9992978627382134,0.7209623528937857,0.28096771645510676,0.2783355098444277,0.990631640375311,False,True,0.9988659601551015,0.7217,0.1558725997185187,0.14102000000000015
30,normal,0.2450165104951666,0.9985686350031614,0.37583561133035165,0.6231043571134609,0.6227330236728097,0.9994040589888162,False,True,0.9928239268746829,0.70702,0.13052010066863462,0.10277000000000003,0.9983371381231942,0.537384559728396,0.4576971539303065,0.4609525783947982,1.0071126167959248,False,True,0.9945423197710329,0.66592,0.080393129845587,0.07635999999999998
30,nonnormal,0.8176780280874161,0.9994886260545448,0.7455297073725378,0.24901095025617026,0.25395891868200704,1.0198704852969178,False,True,0.9991932334665572,0.77068,0.24109703220611514,0.17201999999999995,0.9994759983136405,0.8339340227471983,0.16889929288578343,0.16554197556644223,0.9801223719651002,False,True,0.9991492499163437,0.73414,0.1773088941200588,0.14442
31,normal,0.5756326030251132,0.9984305203555881,0.6613754341108448,0.3468050466727801,0.33705508624474334,0.9718863363680053,False,True,0.9938291677807836,0.70806,0.13561734211364182,0.08940999999999999,0.9988285091587877,0.7695557913477985,0.232696904911193,0.22927271781098923,0.9852847759126381,False,True,0.9968123287681199,0.6651,0.07908316629698321,0.08284999999999998
31,nonnormal,0.4170071847364056,0.9994568022337268,0.5653491583280554,0.4339107929116045,0.43410764390567136,1.0004536669686088,False,True,0.9989265633442862,0.77918,0.2599300789011345,0.16517999999999988,0.9994272026669562,0.5849132419255213,0.4107256757554001,0.4145139607414349,1.0092233946150735,False,True,0.9989919542899446,0.71336,0.14452730341163328,0.13017999999999996
