alpha,construction,J0,J,retained_fraction,guaranteed_floor,bound_margin,draw
0.05,random_psd,0.2491012772477277,0.24228311916582712,0.9726289718092451,0.9523809523809523,0.020248019428292796,0
0.05,aligned_equality,0.2491012772477277,0.23723931166450257,0.9523809523809523,0.9523809523809523,0.0,0
0.25,random_psd,0.2491012772477277,0.21864377410508898,0.8777304416936041,0.8,0.0777304416936041,0
0.25,aligned_equality,0.2491012772477277,0.19928102179818216,0.7999999999999999,0.8,-1.1102230246251565e-16,0
1.0,random_psd,0.2491012772477277,0.16146482323614741,0.6481894634188203,0.5,0.14818946341882033,0
1.0,aligned_equality,0.2491012772477277,0.12455063862386384,0.49999999999999994,0.5,-5.551115123125783e-17,0
0.05,random_psd,0.2553521473817006,0.24839131060760858,0.9727402457920711,0.9523809523809523,0.02035929341111875,1
0.05,aligned_equality,0.2553521473817006,0.24319252131590527,0.9523809523809522,0.9523809523809523,-1.1102230246251565e-16,1
0.25,random_psd,0.2553521473817006,0.2248694887004801,0.8806250153218607,0.8,0.08062501532186062,1
0.25,aligned_equality,0.2553521473817006,0.20428171790536043,0.7999999999999998,0.8,-2.220446049250313e-16,1
1.0,random_psd,0.2553521473817006,0.17089749377032493,0.6692620192258153,0.5,0.1692620192258153,1
1.0,aligned_equality,0.2553521473817006,0.12767607369085027,0.4999999999999999,0.5,-1.1102230246251565e-16,1
0.05,random_psd,0.2978012073706988,0.29091703806035585,0.9768833398255043,0.9523809523809523,0.02450238744455202,2
0.05,aligned_equality,0.2978012073706988,0.2836201974959036,0.9523809523809523,0.9523809523809523,0.0,2
0.25,random_psd,0.2978012073706988,0.2676008300113738,0.8985888014828227,0.8,0.09858880148282267,2
0.25,aligned_equality,0.2978012073706988,0.23824096589655908,0.8,0.8,0.0,2
1.0,random_psd,0.2978012073706988,0.21413750138568274,0.719061897956402,0.5,0.21906189795640196,2
1.0,aligned_equality,0.2978012073706988,0.1489006036853494,0.5,0.5,0.0,2
0.05,random_psd,0.2241652911056702,0.22108183741529575,0.9862447318442312,0.9523809523809523,0.0338637794632789,3
0.05,aligned_equality,0.2241652911056702,0.21349075343397161,0.9523809523809523,0.9523809523809523,0.0,3
0.25,random_psd,0.2241652911056702,0.2102488369581314,0.9379187827031675,0.8,0.1379187827031675,3
0.25,aligned_equality,0.2241652911056702,0.17933223288453615,0.7999999999999999,0.8,-1.1102230246251565e-16,3
1.0,random_psd,0.2241652911056702,0.18294981128993348,0.8161379952603457,0.5,0.3161379952603457,3
1.0,aligned_equality,0.2241652911056702,0.11208264555283509,0.49999999999999994,0.5,-5.551115123125783e-17,3
0.05,random_psd,0.24378671440536728,0.23651064349481013,0.9701539481825144,0.9523809523809523,0.017772995801562108,4
0.05,aligned_equality,0.24378671440536728,0.23217782324320696,0.9523809523809524,0.9523809523809523,1.1102230246251565e-16,4
0.25,random_psd,0.24378671440536728,0.21222764175815723,0.8705463801660094,0.8,0.07054638016600934,4
0.25,aligned_equality,0.24378671440536728,0.19502937152429378,0.7999999999999998,0.8,-2.220446049250313e-16,4
1.0,random_psd,0.24378671440536728,0.15840081191665178,0.6497516171175093,0.5,0.14975161711750928,4
1.0,aligned_equality,0.24378671440536728,0.12189335720268363,0.49999999999999994,0.5,-5.551115123125783e-17,4
0.05,random_psd,0.18885177620044002,0.18494316627030352,0.9793032927263122,0.9523809523809523,0.026922340345359896,5
0.05,aligned_equality,0.18885177620044002,0.17985883447660955,0.9523809523809524,0.9523809523809523,1.1102230246251565e-16,5
0.25,random_psd,0.18885177620044002,0.1710901977377301,0.9059496351050548,0.8,0.10594963510505473,5
0.25,aligned_equality,0.18885177620044002,0.15108142096035201,0.7999999999999999,0.8,-1.1102230246251565e-16,5
1.0,random_psd,0.18885177620044002,0.13522873453131187,0.7160575200933524,0.5,0.21605752009335244,5
1.0,aligned_equality,0.18885177620044002,0.09442588810022001,0.5,0.5,0.0,5
0.05,random_psd,0.1816331145663838,0.17701643593962335,0.974582395738894,0.9523809523809523,0.02220144335794172,6
0.05,aligned_equality,0.1816331145663838,0.17298391863465126,0.9523809523809524,0.9523809523809523,1.1102230246251565e-16,6
0.25,random_psd,0.1816331145663838,0.16131481795343397,0.8881355051282576,0.8,0.08813550512825752,6
0.25,aligned_equality,0.1816331145663838,0.14530649165310705,0.8,0.8,0.0,6
1.0,random_psd,0.1816331145663838,0.12438472449312821,0.6848130352775936,0.5,0.18481303527759363,6
1.0,aligned_equality,0.1816331145663838,0.0908165572831919,0.5,0.5,0.0,6
0.05,random_psd,0.2689235837778637,0.26351914348387334,0.9799034349532746,0.9523809523809523,0.02752248257232226,7
0.05,aligned_equality,0.2689235837778637,0.2561176988360605,0.9523809523809519,0.9523809523809523,-4.440892098500626e-16,7
0.25,random_psd,0.2689235837778637,0.2449401426454668,0.9108168915664618,0.8,0.1108168915664618,7
0.25,aligned_equality,0.2689235837778637,0.2151388670222909,0.7999999999999998,0.8,-2.220446049250313e-16,7
1.0,random_psd,0.2689235837778637,0.200196009297378,0.7444345582674666,0.5,0.24443455826746663,7
1.0,aligned_equality,0.2689235837778637,0.13446179188893181,0.4999999999999999,0.5,-1.1102230246251565e-16,7
