draw,direction,write_allocation,store_total,oldest_input_information,oldest_transfer_gain,store_trace,store_lambda_max
0,write_oracle,4.393844167801883,2.568281831356101,0.18776727448578034,18.74652710134972,15.999999999999998,3.081141072032389
0,store_oracle,3.8209290440814287,3.081141072032388,0.2491012772477277,20.923399274078573,15.999999999999998,3.081141072032389
0,random,0.4388382858327361,0.20819130657712254,0.011675968387834006,5.409501481541025,15.999999999999998,3.081141072032389
1,write_oracle,4.487366203623689,2.0521717674040123,0.17103146335591507,18.23144776628335,16.0,2.9774416046447283
1,store_oracle,3.2139850914175105,2.977441604644727,0.2553521473817006,25.108040876784738,16.0,2.9774416046447283
1,random,1.0907924778345075,0.40621368235990596,0.031499096258602824,8.846463711757227,16.0,2.9774416046447283
2,write_oracle,4.579905314505439,3.0145207614467964,0.27998166968608157,23.195059554521475,16.0,3.352196397327998
2,store_oracle,4.287174530808605,3.352196397327992,0.2978012073706988,24.000742367111425,16.0,3.352196397327998
2,random,0.7627948488864131,0.29225130604978405,0.02952105335133941,5.420390404497367,16.0,3.352196397327998
3,write_oracle,4.444486856279068,2.605874102791584,0.18869252540518155,18.453176823703593,16.0,3.2531999315680915
3,store_oracle,3.787952739928164,3.2531999315680924,0.2241652911056702,19.85737305829274,16.0,3.2531999315680915
3,random,0.7712098680532264,0.4250357411390624,0.02653996965485884,5.752480366539471,16.0,3.2531999315680915
4,write_oracle,4.543630516138268,2.530278780839744,0.21645970588222013,16.870317160588748,15.999999999999998,2.8733402928794134
4,store_oracle,4.13448207166924,2.8733402928794174,0.24378671440536728,18.988585903212886,15.999999999999998,2.8733402928794134
4,random,1.552130477971878,0.882313924734309,0.08009866724845258,8.9944284767694,15.999999999999998,2.8733402928794134
5,write_oracle,4.021191204902234,2.4884375894719595,0.20475772250783286,18.38167587681953,16.0,2.8266893666703243
5,store_oracle,3.615697177066238,2.8266893666703234,0.18885177620044002,17.578549000775485,16.0,2.8266893666703243
5,random,1.313020039670249,0.4576289470799213,0.0497591640918552,8.533395666791975,16.0,2.8266893666703243
6,write_oracle,4.362188782998196,1.5722059672165876,0.10697631777198217,9.523946386679146,16.0,2.486795410985474
6,store_oracle,3.1051059638988296,2.4867954109854713,0.1816331145663838,14.903359089415394,16.0,2.486795410985474
6,random,1.1982380692733146,0.6151168083978626,0.05277424626991008,7.7866853681055055,16.0,2.486795410985474
7,write_oracle,4.24739378042619,2.011751927413327,0.15262708185517423,13.5653447894428,16.0,3.15574763231414
7,store_oracle,3.552006711904925,3.1557476323141405,0.2689235837778637,18.956833126145238,16.0,3.15574763231414
7,random,0.9372946015624164,0.453667813052928,0.03453488784067165,7.357572171921245,16.0,3.15574763231414
