configuration,metric,median,q1,q3,iqr,min,max,draw_count
A0,lambda_max,1.0000000000000249,1.000000000000012,1.0000000000000309,1.887379141862766e-14,0.9999999999999963,1.000000000000048,8
A0,lambda_min,0.999999999999984,0.9999999999999657,0.999999999999991,2.531308496145357e-14,0.9999999999999513,1.0000000000000044,8
A0,trace_over_N,1.000000000000004,0.9999999999999956,1.000000000000011,1.554312234475219e-14,0.9999999999999716,1.0000000000000284,8
A0,K_plus,1.0000000000004254,1.0000000000003635,1.0000000000005131,1.496580637194711e-13,1.0000000000001517,1.0000000000011955,8
A0,K_minus,1.000000000000726,1.0000000000004254,1.00000000000094,5.144773496112975e-13,1.0000000000000007,1.000000000001067,8
SQS-c2,lambda_max,1.8313359891201386,1.787324071908435,1.8380542268595736,0.05073015495113875,1.7741379154544048,1.852087997896937,8
SQS-c2,lambda_min,0.47008058770171435,0.4607848846099558,0.47385540634752366,0.013070521737567842,0.45712266668522067,0.4752676864607017,8
SQS-c2,trace_over_N,1.0000000000000004,1.0,1.0000000000000004,4.440892098500626e-16,0.9999999999999997,1.0000000000000004,8
SQS-c2,K_plus,1.817753010675316,1.8147000929534123,1.8255713611334718,0.010871268180059568,1.8059155885472304,1.838472820764703,8
SQS-c2,K_minus,1.8214831035607233,1.8140705457326258,1.828018362401237,0.013947816668611113,1.7914182765564284,1.8394424087022443,8
SQS-c5,lambda_max,3.1389212656662764,3.0836757190138058,3.2363725543100976,0.15269683529629186,3.03958165486866,3.2978380658366904,8
SQS-c5,lambda_min,0.1329302146606146,0.13216616991922842,0.13538749825595597,0.003221328336727558,0.12570430070108982,0.1429163083331579,8
SQS-c5,trace_over_N,1.0,0.9999999999999996,1.0,4.440892098500626e-16,0.999999999999999,1.0000000000000009,8
SQS-c5,K_plus,4.141972720525713,4.111571343151173,4.18571484889731,0.07414350574613682,3.9478055666374527,4.27933928653762,8
SQS-c5,K_minus,4.1305363992404605,4.0940813972297185,4.212920185491092,0.11883878826137373,4.016793855745004,4.303288025631837,8
SQS-c10,lambda_max,4.311720957046815,4.235037162966206,4.461716386098223,0.22667922313201672,4.098350274215848,4.63897097836166,8
SQS-c10,lambda_min,0.04515681284134379,0.04361360754768473,0.04628842485528958,0.0026748173076048473,0.041670566752130885,0.0483072509523185,8
SQS-c10,trace_over_N,0.9999999999999998,0.9999999999999996,1.0,4.440892098500626e-16,0.9999999999999983,1.000000000000001,8
SQS-c10,K_plus,7.879780143780449,7.7984487623536225,8.122155684811528,0.3237069224579052,7.676951938616173,8.414157144696397,8
SQS-c10,K_minus,8.037089049396593,7.719640137709369,8.121135726719935,0.40149558901056537,7.601355367570506,8.229906055542552,8
SQS-c20,lambda_max,5.491404194116425,5.382203354883148,5.540884659265679,0.15868130438253036,5.246426673077613,5.636767751881775,8
SQS-c20,lambda_min,0.014004905470606111,0.013721203460384555,0.014371561609241742,0.0006503581488571872,0.01285308928986245,0.014925082828879808,8
SQS-c20,trace_over_N,0.9999999999999988,0.999999999999998,0.9999999999999996,1.5543122344752192e-15,0.9999999999999952,1.0000000000000027,8
SQS-c20,K_plus,15.030436810961117,14.817530014780049,15.495300921590777,0.6777709068107285,14.61428228303032,15.721696751976499,8
SQS-c20,K_minus,15.620693746240654,15.453647760005104,15.810773175848526,0.35712541584342183,14.845571174628255,16.711421364047098,8
SQS-c50,lambda_max,6.563311003788241,6.460441195892873,6.728266407986327,0.2678252120934541,6.3430354914602125,6.8802737119534605,8
SQS-c50,lambda_min,0.0029285702102723526,0.002718387386847591,0.0030729094467978084,0.00035452205995021744,0.00257505421809107,0.0034285852423471598,8
SQS-c50,trace_over_N,1.0000000000000007,0.9999999999999942,1.0000000000000178,2.353672812205332e-14,0.9999999999999906,1.0000000000000344,8
SQS-c50,K_plus,35.07505325893584,33.951570684857316,35.7026695274459,1.7510988425885827,31.445397716556418,36.471453205964295,8
SQS-c50,K_minus,36.06582801953945,34.10931289577968,36.857907692953944,2.7485947971742632,32.90366891872221,38.52308270340062,8
SQS-c100,lambda_max,7.719696020779741,7.564412632810823,7.866644523474118,0.30223189066329503,7.365777709137729,8.060766567229743,8
SQS-c100,lambda_min,0.000846587552511012,0.000808496296845513,0.000871845317657687,6.334902081217401e-05,0.0007277693223061159,0.0009250817491096176,8
SQS-c100,trace_over_N,1.0000000000000315,0.9999999999999721,1.0000000000000546,8.248957072964913e-14,0.9999999999998685,1.0000000000001048,8
SQS-c100,K_plus,68.85148786997335,67.52244364183662,69.77335759662903,2.2509139547924093,65.18401428192516,70.6132228580633,8
SQS-c100,K_minus,67.84785867242442,66.38945622213885,70.03665857014579,3.6472023480069424,65.37161539722236,73.09996888636763,8
SQS-c35-heldout,lambda_max,6.107290043978411,6.006611098130486,6.253595320524049,0.24698422239356255,5.892062869148432,6.331300409068622,8
SQS-c35-heldout,lambda_min,0.005394453938883296,0.005106872432698788,0.005569086982446124,0.0004622145497473352,0.00497084629440398,0.005888904312595477,8
SQS-c35-heldout,trace_over_N,1.0,0.999999999999996,1.000000000000007,1.1102230246251565e-14,0.9999999999999899,1.0000000000000147,8
SQS-c35-heldout,K_plus,25.579185350988382,24.906416959743673,26.18241822221411,1.2760012624704373,24.202427473239275,28.1703197731098,8
SQS-c35-heldout,K_minus,25.864987603466794,25.286768386651435,26.834401107987095,1.5476327213356598,24.03675636219259,28.246579551449077,8
ELL-c4-theta-0.7,lambda_max,1.5999998371385202,1.5999998371385191,1.599999837138521,1.7763568394002505e-15,1.5999998371385187,1.5999998371385218,8
ELL-c4-theta-0.7,lambda_min,0.4000001628614811,0.4000001628614799,0.40000016286148155,1.6653345369377348e-15,0.40000016286147866,0.4000001628614827,8
ELL-c4-theta-0.7,trace_over_N,1.0,0.9999999999999994,1.0,5.551115123125783e-16,0.9999999999999987,1.0000000000000002,8
ELL-c4-theta-0.7,K_plus,1.9999999933234736,1.9999999933233992,1.9999999933235337,1.3455903058456897e-13,1.9999999933230415,1.999999993324329,8
ELL-c4-theta-0.7,K_minus,1.9999999933232044,1.999999993322969,1.9999999933238628,8.93729534823251e-13,1.9999999933224377,1.9999999933240746,8
ELL-c4-theta-2.0,lambda_max,1.599999960846512,1.5999999608465112,1.5999999608465125,1.3322676295501878e-15,1.5999999608465099,1.5999999608465132,8
ELL-c4-theta-2.0,lambda_min,0.4000000391534892,0.4000000391534889,0.40000003915348953,6.106226635438361e-16,0.40000003915348875,0.4000000391534919,8
ELL-c4-theta-2.0,trace_over_N,1.0,0.9999999999999999,1.0000000000000004,5.551115123125783e-16,0.9999999999999994,1.000000000000001,8
ELL-c4-theta-2.0,K_plus,1.9999916415699226,1.9999916415693277,1.9999916415706727,1.3449241720309146e-12,1.9999916415688386,1.9999916415730747,8
ELL-c4-theta-2.0,K_minus,1.9999916415711767,1.9999916415709342,1.9999916415717796,8.453238109495942e-13,1.999991641570255,1.9999916415736863,8
ELL-c4-theta-sqrt_c,lambda_max,1.5999999608465127,1.5999999608465112,1.5999999608465136,2.4424906541753444e-15,1.5999999608465092,1.5999999608465143,8
ELL-c4-theta-sqrt_c,lambda_min,0.4000000391534894,0.4000000391534891,0.4000000391534896,4.996003610813204e-16,0.40000003915348686,0.4000000391534906,8
ELL-c4-theta-sqrt_c,trace_over_N,1.0,0.9999999999999998,1.0000000000000002,4.440892098500626e-16,0.9999999999999991,1.0000000000000004,8
ELL-c4-theta-sqrt_c,K_plus,1.9999916415705241,1.9999916415702668,1.999991641571116,8.493206138382448e-13,1.9999916415689287,1.9999916415726147,8
ELL-c4-theta-sqrt_c,K_minus,1.9999916415713468,1.9999916415709376,1.9999916415727226,1.7850165789923267e-12,1.9999916415703982,1.9999916415730523,8
ELL-c100-theta-0.7,lambda_max,1.9801980035009434,1.980198003500931,1.9801980035009659,3.4861002973229915e-14,1.9801980035009201,1.980198003500992,8
ELL-c100-theta-0.7,lambda_min,0.019801996499156767,0.019801996499155962,0.019801996499158273,2.310651670001107e-15,0.019801996499154217,0.019801996499159112,8
ELL-c100-theta-0.7,trace_over_N,0.9999999999999953,0.999999999999993,0.9999999999999987,5.662137425588298e-15,0.9999999999999912,1.0000000000000082,8
ELL-c100-theta-0.7,K_plus,9.999999945490288,9.999999945483525,9.999999945495446,1.1921130749215081e-11,9.999999945482422,9.999999945496803,8
ELL-c100-theta-0.7,K_minus,9.999999945532863,9.999999945523939,9.99999994553917,1.5230483541017747e-11,9.999999945507566,9.999999945542896,8
ELL-c100-theta-2.0,lambda_max,1.9801980158831682,1.9801980158831538,1.980198015883175,2.1094237467877974e-14,1.9801980158831023,1.9801980158832022,8
ELL-c100-theta-2.0,lambda_min,0.019801984116957272,0.019801984116956037,0.019801984116958927,2.8900493109773606e-15,0.01980198411695427,0.01980198411696096,8
ELL-c100-theta-2.0,trace_over_N,1.0000000000000036,1.0000000000000018,1.0000000000000056,3.774758283725532e-15,0.99999999999999,1.0000000000000069,8
ELL-c100-theta-2.0,K_plus,9.999931725806206,9.999931725794067,9.999931725814658,2.0591528482327703e-11,9.999931725751084,9.999931725835209,8
ELL-c100-theta-2.0,K_minus,9.999931725949967,9.999931725924307,9.99993172600566,8.135181417401327e-11,9.999931725906006,9.99993172604378,8
ELL-c100-theta-sqrt_c,lambda_max,1.9801980197462006,1.9801980197461926,1.9801980197462128,2.020605904817785e-14,1.9801980197461806,1.9801980197462692,8
ELL-c100-theta-sqrt_c,lambda_min,0.01980198025392035,0.01980198025391961,0.019801980253921325,1.7139067942650854e-15,0.019801980253919202,0.019801980253923934,8
ELL-c100-theta-sqrt_c,trace_over_N,1.0000000000000013,0.9999999999999977,1.000000000000004,6.328271240363392e-15,0.9999999999999936,1.0000000000000129,8
ELL-c100-theta-sqrt_c,K_plus,9.998293190522313,9.998293190510871,9.998293190526482,1.56106239046494e-11,9.998293190498014,9.998293190527285,8
ELL-c100-theta-sqrt_c,K_minus,9.99829319056613,9.99829319054681,9.998293190578398,3.1587177318215254e-11,9.998293190540366,9.99829319058125,8
H8-c4,lambda_max,1.5954411884130926,1.5539627363059347,1.6617243159438773,0.10776157963794253,1.468336756380313,1.7140047153261928,8
H8-c4,lambda_min,0.5486145512057009,0.5069829801324334,0.5855166927941214,0.07853371266168807,0.47226136819625575,0.639817844456425,8
H8-c4,trace_over_N,1.0,1.0,1.0000000000000004,4.440892098500626e-16,0.9999999999999999,1.0000000000000009,8
H8-c4,K_plus,1.6990522495303002,1.6028716887126049,1.7961153927918077,0.19324370407920277,1.5102929020092821,1.8566969278940055,8
H8-c4,K_minus,1.6990522495397864,1.6028716887079917,1.7961153927995506,0.1932437040915589,1.510292902009234,1.856696927890833,8
H8-c100,lambda_max,2.7714617566290274,2.461704691953367,2.9275078447095737,0.46580315275620654,2.1471375246642124,3.350841638477833,8
H8-c100,lambda_min,0.11381882838165963,0.10091960812276635,0.13462446487164312,0.03370485674887677,0.06816582465735381,0.25002837873501177,8
H8-c100,trace_over_N,0.9999999999999997,0.9999999999999991,1.0,8.881784197001252e-16,0.9999999999999988,1.0000000000000004,8
H8-c100,K_plus,4.935849081038361,4.251958887236659,5.186585233290588,0.9346263460539284,2.8981290048395407,6.7936697097810885,8
H8-c100,K_minus,4.935849081042953,4.251958887232158,5.186585233278599,0.934626346046441,2.898129004854486,6.793669709795593,8
