configuration,horizon,median,q1,q3,iqr,min,max,draw_count
A0,32,0.9999999999999999,0.9999999999999991,1.000000000000001,1.9984014443252818e-15,0.9999999999999988,1.0000000000000033,8
A0,128,0.9999999999999976,0.9999999999999949,1.0000000000000049,9.992007221626409e-15,0.9999999999999933,1.0000000000000155,8
A0,512,0.999999999999988,0.9999999999999767,1.000000000000015,3.8413716652030416e-14,0.9999999999999754,1.0000000000000624,8
A0,2048,0.9999999999999505,0.9999999999998992,1.0000000000000409,1.4166445794216997e-13,0.9999999999998843,1.0000000000002336,8
A0,4096,0.9999999999998799,0.9999999999997968,1.0000000000001037,3.0686564400639327e-13,0.9999999999997634,1.0000000000004572,8
SQS-c2,32,1.8087290122970103,1.781132664077494,1.8136084863216928,0.03247582224419876,1.7670653805050298,1.8398546668411884,8
SQS-c2,128,1.821631528899315,1.7921405111131867,1.8288855363387455,0.03674502522555878,1.7680549492110544,1.8480018880930038,8
SQS-c2,512,1.8297867692439769,1.7894783062717465,1.835406179195296,0.045927872923549495,1.7727683526538773,1.8504952278097053,8
SQS-c2,2048,1.8308763708458224,1.7878916500577477,1.8373768974852127,0.04948524742746496,1.7740065927499908,1.8516562119149973,8
SQS-c2,4096,1.831109647843719,1.7872297287656647,1.8376130059432076,0.050383277177542984,1.7739613014084212,1.8519125134039758,8
SQS-c5,32,3.0782240604847955,2.9930627494275646,3.1445788930916856,0.15151614366412103,2.9180456038454223,3.165436007075745,8
SQS-c5,128,3.104652837248352,3.0724237746418703,3.2084901900600418,0.13606641541817144,3.003432683589678,3.260721926678434,8
SQS-c5,512,3.129703264966297,3.0754792597104554,3.233578956106014,0.15809969639555854,3.030318617432899,3.2880511063229045,8
SQS-c5,2048,3.137855103491322,3.0820171106090126,3.2348739777039657,0.15285686709495305,3.0377433804482945,3.2961082482527786,8
SQS-c5,4096,3.13794013763242,3.0826251306196752,3.235334981133898,0.1527098505142228,3.038504227220819,3.297171834641012,8
SQS-c10,32,4.128348979581816,4.0851937651589,4.29639501858164,0.21120125342273965,3.805707071962774,4.485254912934202,8
SQS-c10,128,4.25114780881764,4.16269251084958,4.428072060036967,0.2653795491873865,3.9791389395306562,4.5919219459147165,8
SQS-c10,512,4.264141738025238,4.217245148197758,4.443683783069214,0.22643863487145577,4.120706961554938,4.627406799766961,8
SQS-c10,2048,4.31676007274213,4.231080909189111,4.456028892509506,0.22494798332039512,4.089074806831953,4.636556977499289,8
SQS-c10,4096,4.310185417659362,4.233715169747743,4.4594530679809115,0.22573789823316837,4.097575861708124,4.637200136393213,8
SQS-c20,32,5.088860707720859,5.008830244462484,5.3211730665300365,0.3123428220675528,4.966102491556746,5.4787990947626355,8
SQS-c20,128,5.436267399476885,5.2859641505693356,5.475586874250618,0.18962272368128286,5.16707120398383,5.619164221013454,8
SQS-c20,512,5.480794459975547,5.366865321923518,5.511858835561927,0.1449935136384095,5.241736163375998,5.602653253903983,8
SQS-c20,2048,5.486205956738393,5.376663838607179,5.531562014552206,0.15489817594502675,5.23956851472712,5.6330183667787015,8
SQS-c20,4096,5.488307150569448,5.379574197752965,5.537110282503289,0.15753608475032443,5.242505790865148,5.633505375367275,8
SQS-c50,32,6.132386836054005,5.975773156690271,6.287160969017284,0.3113878123270135,5.925606279436478,6.57221837211096,8
SQS-c50,128,6.407857860810939,6.308252676808786,6.538264923410959,0.2300122466021728,6.250427238987658,6.820865672050281,8
SQS-c50,512,6.539613891011848,6.41350196393035,6.682525279914321,0.2690233159839712,6.3194790276179535,6.863455267693752,8
SQS-c50,2048,6.551895951251687,6.450548863603457,6.719091457586291,0.26854259398283453,6.334330224838385,6.871969610923495,8
SQS-c50,4096,6.5593617909130675,6.454189144373204,6.721770116452196,0.2675809720789921,6.339830204074471,6.87679372040396,8
SQS-c100,32,7.417618547118399,7.100293413100661,7.5690461973346235,0.4687527842339625,6.8130044104881335,7.707243914222813,8
SQS-c100,128,7.566362406805138,7.478599711663441,7.699035640628634,0.22043592896519293,7.187122882970517,7.93147759475219,8
SQS-c100,512,7.675832199255721,7.528106305602545,7.814251335812273,0.2861450302097275,7.339448744018705,8.009835814656832,8
SQS-c100,2048,7.711856486689012,7.5520265760712455,7.856787922154858,0.3047613460836125,7.37288503010113,8.044971479715604,8
SQS-c100,4096,7.712991799860186,7.55920560227761,7.8579666571158455,0.2987610548382351,7.369018683560455,8.057842386959232,8
SQS-c35-heldout,32,5.749228267655237,5.6674071658892,5.8823659528403915,0.21495878695119153,5.450556808917706,6.065833958553981,8
SQS-c35-heldout,128,6.057886740091821,5.9459847335558855,6.161781153403769,0.21579641984788367,5.821294552053242,6.3185222763209365,8
SQS-c35-heldout,512,6.0905255313588285,5.975274692364385,6.220467391763047,0.24519269939866195,5.861402227929721,6.302139641411864,8
SQS-c35-heldout,2048,6.100741230183112,5.992250554301435,6.24619966901686,0.25394911471542514,5.882931342106686,6.328720276192559,8
SQS-c35-heldout,4096,6.105143810841184,5.998117448908127,6.251256480532634,0.25313903162450657,5.889446911992873,6.32987533593909,8
ELL-c4-theta-0.7,32,1.5824775946586271,1.582477594658621,1.5824775946586318,1.0880185641326534e-14,1.5824775946586076,1.5824775946586347,8
ELL-c4-theta-0.7,128,1.593188964968456,1.5931889649684345,1.5931889649684723,3.774758283725532e-14,1.593188964968388,1.5931889649684823,8
ELL-c4-theta-0.7,512,1.5993278520066234,1.5993278520065226,1.5993278520066778,1.5520917884259688e-13,1.599327852006337,1.5993278520067316,8
ELL-c4-theta-0.7,2048,1.5994095480856894,1.5994095480852808,1.5994095480859154,6.346034808757395e-13,1.5994095480845436,1.59940954808611,8
ELL-c4-theta-0.7,4096,1.5999354866665687,1.5999354866657631,1.5999354866670235,1.2603251775544777e-12,1.5999354866642888,1.5999354866674345,8
ELL-c4-theta-2.0,32,1.580125086817048,1.5801250868170424,1.5801250868170535,1.1102230246251565e-14,1.5801250868170418,1.5801250868170669,8
ELL-c4-theta-2.0,128,1.592690604164186,1.592690604164162,1.5926906041642077,4.574118861455645e-14,1.5926906041641549,1.592690604164259,8
ELL-c4-theta-2.0,512,1.5998186243712285,1.5998186243711396,1.599818624371319,1.794120407794253e-13,1.59981862437111,1.5998186243715184,8
ELL-c4-theta-2.0,2048,1.5997317466764849,1.599731746676143,1.5997317466768686,7.256417688950023e-13,1.5997317466760292,1.599731746677663,8
ELL-c4-theta-2.0,4096,1.5997557261292799,1.5997557261286008,1.5997557261300417,1.4408474413585282e-12,1.5997557261283641,1.5997557261316508,8
ELL-c4-theta-sqrt_c,32,1.5801250868170502,1.5801250868170458,1.5801250868170598,1.3988810110276972e-14,1.5801250868170382,1.5801250868170638,8
ELL-c4-theta-sqrt_c,128,1.5926906041641942,1.5926906041641753,1.592690604164227,5.1736392947532295e-14,1.5926906041641389,1.5926906041642552,8
ELL-c4-theta-sqrt_c,512,1.5998186243712555,1.5998186243711885,1.5998186243713972,2.0872192862952943e-13,1.599818624371033,1.5998186243715065,8
ELL-c4-theta-sqrt_c,2048,1.5997317466766074,1.5997317466763485,1.599731746677178,8.29558643999917e-13,1.5997317466757184,1.5997317466776106,8
ELL-c4-theta-sqrt_c,4096,1.5997557261295385,1.599755726129,1.5997557261306667,1.666666804567285e-12,1.5997557261277269,1.5997557261315378,8
ELL-c100-theta-0.7,32,1.9450367880632502,1.9450367880632282,1.9450367880632546,2.6423307986078726e-14,1.9450367880632091,1.9450367880633073,8
ELL-c100-theta-0.7,128,1.9665339366815808,1.966533936681537,1.9665339366816033,6.616929226765933e-14,1.96653393668151,1.9665339366817336,8
ELL-c100-theta-0.7,512,1.978839472810293,1.978839472810206,1.9788394728104346,2.2870594307278225e-13,1.9788394728100767,1.978839472810981,8
ELL-c100-theta-0.7,2048,1.9790045210166527,1.9790045210164875,1.97900452101718,6.925571227611726e-13,1.9790045210160412,1.9790045210194191,8
ELL-c100-theta-0.7,4096,1.9800676647431663,1.9800676647428808,1.9800676647443751,1.4943601911454607e-12,1.9800676647420208,1.9800676647486235,8
ELL-c100-theta-2.0,32,1.940728035375685,1.9407280353756586,1.940728035375706,4.729550084903167e-14,1.9407280353756116,1.9407280353757421,8
ELL-c100-theta-2.0,128,1.9654731789062643,1.965473178906198,1.965473178906274,7.593925488436071e-14,1.965473178906011,1.9654731789065103,8
ELL-c100-theta-2.0,512,1.979831389108583,1.979831389108299,1.9798313891087747,4.756195437494171e-13,1.979831389107495,1.9798313891094155,8
ELL-c100-theta-2.0,2048,1.9796557241869714,1.9796557241857786,1.97965572418767,1.8913759447514167e-12,1.97965572418219,1.9796557241899113,8
ELL-c100-theta-2.0,4096,1.9797041807053333,1.9797041807029228,1.9797041807069378,4.015010546254416e-12,1.9797041806958169,1.979704180711481,8
ELL-c100-theta-sqrt_c,32,2.0064427890977177,2.0064427890977132,2.006442789097753,3.9968028886505635e-14,2.0064427890976995,2.0064427890977696,8
ELL-c100-theta-sqrt_c,128,1.9614677130041764,1.9614677130041311,1.9614677130043252,1.9406698470447736e-13,1.9614677130040712,1.961467713004521,8
ELL-c100-theta-sqrt_c,512,1.9811976264457614,1.981197626445663,1.9811976264462168,5.537792446830281e-13,1.9811976264455204,1.981197626447185,8
ELL-c100-theta-sqrt_c,2048,1.9802583737416806,1.9802583737412358,1.980258373743562,2.326139281194628e-12,1.980258373740834,1.9802583737472508,8
ELL-c100-theta-sqrt_c,4096,1.9802564442157997,1.9802564442149526,1.9802564442197101,4.757527705123721e-12,1.9802564442139152,1.9802564442271278,8
H8-c4,32,1.5763870956406587,1.5331852218928248,1.646029181149192,0.11284395925636725,1.4489957927584982,1.6914987898433875,8
H8-c4,128,1.5953477247393093,1.5505113700188304,1.6566386024410722,0.10612723242224176,1.4636970802964968,1.7098899091771682,8
H8-c4,512,1.606933746879413,1.553495084231074,1.660772772864092,0.10727768863301801,1.467611792739612,1.7129850436743899,8
H8-c4,2048,1.5951477157776408,1.553738702619008,1.6612743653057072,0.10753566268669923,1.468053943687472,1.7138218214798708,8
H8-c4,4096,1.5953838940364946,1.5538250696686946,1.661610777017561,0.10778570734886639,1.4682131208195341,1.7138692526565404,8
H8-c100,32,2.5878076269072725,2.437470717346101,2.8578316847691925,0.4203609674230915,1.9360599145307196,3.500776418870313,8
H8-c100,128,2.7430899960021886,2.4628190529975047,2.8734740162989474,0.4106549633014427,2.16162014729775,3.283975928725646,8
H8-c100,512,2.766258626514497,2.456300920882116,2.922068495498158,0.4657675746160419,2.138386964449906,3.350653134432312,8
H8-c100,2048,2.7692434829749644,2.461319713349285,2.9261931402796018,0.46487342693031675,2.151185815114228,3.350068197768964,8
H8-c100,4096,2.7709308683764764,2.4612926095157075,2.9254599072669945,0.46416729775128696,2.148445117845921,3.3497450028494393,8
