draw_index,writer_type,seed_index,target_time,R_J_on_M_second,R_J_on_M_zero,cosine_to_second_oracle,cosine_to_zero_oracle,v_old_R_J_on_M_second,second_oracle_R_J_on_M_zero,oracle_overlap,lambda_max_M_second,lambda_max_M_zero,beats_v_old_on_its_own_objective,is_not_just_v_old
800,normal,0,12,0.9982549923839162,0.6319239833540147,0.9969534636571222,0.39926040171479693,0.6941183549586036,0.6238140844834212,0.4140698768356288,0.07184752398278273,0.14697073306723976,True,True
800,normal,1,12,0.997895832472962,0.6131076436803855,0.9972309407806416,0.3977732949880949,0.6941183549586036,0.6238140844834212,0.4140698768356288,0.07184752398278273,0.14697073306723976,True,True
800,normal,2,12,0.9987584139060496,0.6258668607040699,0.9965917184405818,0.41623087254012386,0.6941183549586036,0.6238140844834212,0.4140698768356288,0.07184752398278273,0.14697073306723976,True,True
800,normal,3,12,0.9986508076815609,0.6292953914454825,0.9978092952801567,0.4192576778353012,0.6941183549586036,0.6238140844834212,0.4140698768356288,0.07184752398278273,0.14697073306723976,True,True
800,normal,4,12,0.9990286759209003,0.6147267465212156,0.9981279576456844,0.3956219184476317,0.6941183549586036,0.6238140844834212,0.4140698768356288,0.07184752398278273,0.14697073306723976,True,True
800,nonnormal,0,12,0.9992754530444453,0.5483459688790328,0.9993912512223344,0.44236811259542697,0.5668112383932733,0.5489348627583442,0.43525862663001924,0.13293479467019167,0.22441250448712496,True,True
800,nonnormal,1,12,0.9988159354753156,0.5389224450612808,0.9988121808593264,0.4267944826642392,0.5668112383932733,0.5489348627583442,0.43525862663001924,0.13293479467019167,0.22441250448712496,True,True
800,nonnormal,2,12,0.9993030120490008,0.5375988449488485,0.9992569209821338,0.4172796156914952,0.5668112383932733,0.5489348627583442,0.43525862663001924,0.13293479467019167,0.22441250448712496,True,True
800,nonnormal,3,12,0.9979679945710772,0.563384332446597,0.9978629986402103,0.4685344529565997,0.5668112383932733,0.5489348627583442,0.43525862663001924,0.13293479467019167,0.22441250448712496,True,True
800,nonnormal,4,12,0.9994189701010628,0.5598876164805721,0.9993384818310501,0.45163110294214676,0.5668112383932733,0.5489348627583442,0.43525862663001924,0.13293479467019167,0.22441250448712496,True,True
801,normal,0,12,0.9987613470418985,0.5276113402103109,0.9988449091232888,0.3474482059283112,0.6387828757871729,0.5274674954679444,0.35519725252153816,0.08139325318750959,0.16257893381647384,True,True
801,normal,1,12,0.9978461653566411,0.4935259480756909,0.9945737943450423,0.3020460815564717,0.6387828757871729,0.5274674954679444,0.35519725252153816,0.08139325318750959,0.16257893381647384,True,True
801,normal,2,12,0.9977434262313174,0.521032846328325,0.9968233237462745,0.3527030050423555,0.6387828757871729,0.5274674954679444,0.35519725252153816,0.08139325318750959,0.16257893381647384,True,True
801,normal,3,12,0.999152105377079,0.5155961930364104,0.9990644462697253,0.3406560263043363,0.6387828757871729,0.5274674954679444,0.35519725252153816,0.08139325318750959,0.16257893381647384,True,True
801,normal,4,12,0.9978085762268424,0.4856360917648833,0.9928674495705722,0.3209932995539056,0.6387828757871729,0.5274674954679444,0.35519725252153816,0.08139325318750959,0.16257893381647384,True,True
801,nonnormal,0,12,0.9992595076336033,0.8778476178705188,0.9993665257797609,0.8866829562632716,0.8720037432357031,0.8834798027996761,0.8901214206312917,0.13301148582595057,0.2400463641476999,True,True
801,nonnormal,1,12,0.9980368420174078,0.8849174841756239,0.9976446462222108,0.8908527300725764,0.8720037432357031,0.8834798027996761,0.8901214206312917,0.13301148582595057,0.2400463641476999,True,True
801,nonnormal,2,12,0.9995140501414798,0.8825151827034778,0.9995433548963661,0.8901971266535402,0.8720037432357031,0.8834798027996761,0.8901214206312917,0.13301148582595057,0.2400463641476999,True,True
801,nonnormal,3,12,0.9985870064761608,0.8822062279096995,0.9984410279477316,0.8923130699968485,0.8720037432357031,0.8834798027996761,0.8901214206312917,0.13301148582595057,0.2400463641476999,True,True
801,nonnormal,4,12,0.998957288970509,0.8800148844358928,0.9991093461898428,0.8812104988840807,0.8720037432357031,0.8834798027996761,0.8901214206312917,0.13301148582595057,0.2400463641476999,True,True
802,normal,0,12,0.9990528898901607,0.7579841446756114,0.9986336164569654,0.6794496840437094,0.8394807087143982,0.7638275548632438,0.6980747354148042,0.08232073782024192,0.15483926470548523,True,True
802,normal,1,12,0.9986328211715746,0.7745595430505701,0.9983525930784605,0.7083734433620159,0.8394807087143982,0.7638275548632438,0.6980747354148042,0.08232073782024192,0.15483926470548523,True,True
802,normal,2,12,0.9987243344322535,0.773098558124569,0.9975090103522273,0.7155390612185679,0.8394807087143982,0.7638275548632438,0.6980747354148042,0.08232073782024192,0.15483926470548523,True,True
802,normal,3,12,0.9982251205617797,0.7503122546209858,0.9965588890531223,0.660514402790326,0.8394807087143982,0.7638275548632438,0.6980747354148042,0.08232073782024192,0.15483926470548523,True,True
802,normal,4,12,0.9983255931029827,0.7542804374691842,0.9974927415150124,0.6826540268361555,0.8394807087143982,0.7638275548632438,0.6980747354148042,0.08232073782024192,0.15483926470548523,True,True
802,nonnormal,0,12,0.9990506116602462,0.8488477723837076,0.9991749879018264,0.821230741932807,0.7929948277837185,0.842637142574562,0.81521275121861,0.1716033162002963,0.25556454578827326,True,True
802,nonnormal,1,12,0.9994973606186816,0.8368667656655189,0.9995835111947227,0.8040646344885733,0.7929948277837185,0.842637142574562,0.81521275121861,0.1716033162002963,0.25556454578827326,True,True
802,nonnormal,2,12,0.9997056584462939,0.838743453678643,0.9997825528105727,0.8086950636468228,0.7929948277837185,0.842637142574562,0.81521275121861,0.1716033162002963,0.25556454578827326,True,True
802,nonnormal,3,12,0.9995659871810838,0.8466831272642888,0.9996973388660844,0.8235383249388762,0.7929948277837185,0.842637142574562,0.81521275121861,0.1716033162002963,0.25556454578827326,True,True
802,nonnormal,4,12,0.9991544968781232,0.8375843056624844,0.9991768840598176,0.8020432859939581,0.7929948277837185,0.842637142574562,0.81521275121861,0.1716033162002963,0.25556454578827326,True,True
803,normal,0,12,0.998095981674396,0.7549970310871779,0.9972693695637296,0.4388587750894492,0.6934133461610623,0.7560513838190263,0.4548883307630238,0.08545568697397246,0.15635687704048096,True,True
803,normal,1,12,0.9992671670729313,0.7538234705298393,0.9992168257368401,0.43698109485964576,0.6934133461610623,0.7560513838190263,0.4548883307630238,0.08545568697397246,0.15635687704048096,True,True
803,normal,2,12,0.9983465933562387,0.7546715995928969,0.998086827693369,0.42878607930606605,0.6934133461610623,0.7560513838190263,0.4548883307630238,0.08545568697397246,0.15635687704048096,True,True
803,normal,3,12,0.9995845961606146,0.756025241713978,0.9994549270893244,0.4657650956272708,0.6934133461610623,0.7560513838190263,0.4548883307630238,0.08545568697397246,0.15635687704048096,True,True
803,normal,4,12,0.9984723354687529,0.7484807292472305,0.9978940805816694,0.4309119298662236,0.6934133461610623,0.7560513838190263,0.4548883307630238,0.08545568697397246,0.15635687704048096,True,True
803,nonnormal,0,12,0.9983910043051143,0.4742658475661452,0.9982282853329073,0.3337728516107188,0.6236846369581817,0.4971939005131506,0.3673259789717701,0.14007409465587403,0.25023779429649723,True,True
803,nonnormal,1,12,0.9994319427360046,0.5002398368335369,0.9994107357920745,0.36513213271888867,0.6236846369581817,0.4971939005131506,0.3673259789717701,0.14007409465587403,0.25023779429649723,True,True
803,nonnormal,2,12,0.9990195297693069,0.4916520939980802,0.9992220034077302,0.3707059543339061,0.6236846369581817,0.4971939005131506,0.3673259789717701,0.14007409465587403,0.25023779429649723,True,True
803,nonnormal,3,12,0.9988319584950517,0.47209570234328757,0.9985738169004288,0.32582409285206804,0.6236846369581817,0.4971939005131506,0.3673259789717701,0.14007409465587403,0.25023779429649723,True,True
803,nonnormal,4,12,0.9990012651943001,0.48716080536962036,0.9991466302676115,0.35201078341809744,0.6236846369581817,0.4971939005131506,0.3673259789717701,0.14007409465587403,0.25023779429649723,True,True
804,normal,0,12,0.998704874691405,0.3694220709113369,0.998106205550191,0.010198375733198192,0.5773087414415156,0.36290437124974406,0.00958613294175989,0.08020891292101116,0.1282354077536773,True,True
804,normal,1,12,0.9983100505887537,0.36877002856297786,0.9971859601216707,0.005669528502099466,0.5773087414415156,0.36290437124974406,0.00958613294175989,0.08020891292101116,0.1282354077536773,True,True
804,normal,2,12,0.9989731142145002,0.3641487738932582,0.9976814307707509,0.02043772489982526,0.5773087414415156,0.36290437124974406,0.00958613294175989,0.08020891292101116,0.1282354077536773,True,True
804,normal,3,12,0.9990675430633759,0.36774634589691985,0.9985706297987658,0.019982329996151564,0.5773087414415156,0.36290437124974406,0.00958613294175989,0.08020891292101116,0.1282354077536773,True,True
804,normal,4,12,0.9991429728729415,0.3601864204097686,0.9984345937972814,0.0019909827193297924,0.5773087414415156,0.36290437124974406,0.00958613294175989,0.08020891292101116,0.1282354077536773,True,True
804,nonnormal,0,12,0.9989767623399506,0.7118369109357897,0.9992375475317078,0.6206121277727229,0.7972951523408208,0.7184800576058323,0.6261709514580627,0.12027330228527106,0.2313538830934218,True,True
804,nonnormal,1,12,0.9994307887494137,0.7195673929228876,0.9991896278944703,0.6371409645490747,0.7972951523408208,0.7184800576058323,0.6261709514580627,0.12027330228527106,0.2313538830934218,True,True
804,nonnormal,2,12,0.998772695262763,0.7055483077950989,0.9976770991736625,0.5879601519617135,0.7972951523408208,0.7184800576058323,0.6261709514580627,0.12027330228527106,0.2313538830934218,True,True
804,nonnormal,3,12,0.9996385615448594,0.713690779008877,0.9997242627691959,0.6249337381129725,0.7972951523408208,0.7184800576058323,0.6261709514580627,0.12027330228527106,0.2313538830934218,True,True
804,nonnormal,4,12,0.999300915158228,0.7436805459440717,0.9976024195304407,0.6699527761865353,0.7972951523408208,0.7184800576058323,0.6261709514580627,0.12027330228527106,0.2313538830934218,True,True
805,normal,0,12,0.9985384712432376,0.2582912394157584,0.9981253355210224,0.0041527835967113125,0.5204567857215476,0.24712601713687798,0.03068821438217749,0.10245213819969565,0.12976967932021724,True,True
805,normal,1,12,0.9981052083928096,0.2512860799777352,0.9980182705364481,0.02542743311192923,0.5204567857215476,0.24712601713687798,0.03068821438217749,0.10245213819969565,0.12976967932021724,True,True
805,normal,2,12,0.9988610570590521,0.2529524840093766,0.998920889302883,0.027772119976335975,0.5204567857215476,0.24712601713687798,0.03068821438217749,0.10245213819969565,0.12976967932021724,True,True
805,normal,3,12,0.9992706642651582,0.24843321271266094,0.9993301501233661,0.036479822250179754,0.5204567857215476,0.24712601713687798,0.03068821438217749,0.10245213819969565,0.12976967932021724,True,True
805,normal,4,12,0.9984130295866597,0.2510178015779136,0.9982138905049437,0.042869066199755834,0.5204567857215476,0.24712601713687798,0.03068821438217749,0.10245213819969565,0.12976967932021724,True,True
805,nonnormal,0,12,0.9987695726611238,0.5792700570009919,0.9989674019293321,0.45549124725275325,0.7922403680246818,0.5812453413348937,0.44469856583988887,0.13051339889951336,0.2925038407130357,True,True
805,nonnormal,1,12,0.9987180462822495,0.5704927864092331,0.9978781435266577,0.4009572012251428,0.7922403680246818,0.5812453413348937,0.44469856583988887,0.13051339889951336,0.2925038407130357,True,True
805,nonnormal,2,12,0.9993173939978884,0.5827461352042227,0.9992128211268188,0.45176271547827873,0.7922403680246818,0.5812453413348937,0.44469856583988887,0.13051339889951336,0.2925038407130357,True,True
805,nonnormal,3,12,0.9996490773459821,0.5771184179614831,0.9996864230516553,0.43392535544262106,0.7922403680246818,0.5812453413348937,0.44469856583988887,0.13051339889951336,0.2925038407130357,True,True
805,nonnormal,4,12,0.998585638597964,0.5649931870525932,0.9967442878979397,0.3841946224346696,0.7922403680246818,0.5812453413348937,0.44469856583988887,0.13051339889951336,0.2925038407130357,True,True
806,normal,0,12,0.9991944609820498,0.6111588985033994,0.9989929490951595,0.6340497728827735,0.6201440410422048,0.6130724117815409,0.6407500386188504,0.09032614754929537,0.1312753800087336,True,True
806,normal,1,12,0.9986296032081642,0.6066280990043462,0.9979654878542209,0.6263714110751553,0.6201440410422048,0.6130724117815409,0.6407500386188504,0.09032614754929537,0.1312753800087336,True,True
806,normal,2,12,0.9989144696593484,0.6088156344261548,0.9989996867076175,0.6308899346655683,0.6201440410422048,0.6130724117815409,0.6407500386188504,0.09032614754929537,0.1312753800087336,True,True
806,normal,3,12,0.9994140799273936,0.6160875397943854,0.9994163949132869,0.6482801356301897,0.6201440410422048,0.6130724117815409,0.6407500386188504,0.09032614754929537,0.1312753800087336,True,True
806,normal,4,12,0.9990036129422837,0.6159375533438723,0.9990797268880841,0.6529984503675569,0.6201440410422048,0.6130724117815409,0.6407500386188504,0.09032614754929537,0.1312753800087336,True,True
806,nonnormal,0,12,0.9997982302979499,0.5369617716227363,0.9997836015217314,0.037339092203371546,0.6337198973938296,0.5308085805601356,0.03104893291120814,0.13593565635246727,0.25639121468019443,True,True
806,nonnormal,1,12,0.9989493564153407,0.5370150797883917,0.9988140718651105,0.0478973803465064,0.6337198973938296,0.5308085805601356,0.03104893291120814,0.13593565635246727,0.25639121468019443,True,True
806,nonnormal,2,12,0.9981875560708217,0.5582645921516822,0.9971919233920082,0.03287449695611827,0.6337198973938296,0.5308085805601356,0.03104893291120814,0.13593565635246727,0.25639121468019443,True,True
806,nonnormal,3,12,0.9988062730314966,0.5220690414189093,0.9989764451629598,0.008268615036195671,0.6337198973938296,0.5308085805601356,0.03104893291120814,0.13593565635246727,0.25639121468019443,True,True
806,nonnormal,4,12,0.999211739012567,0.5163919815585305,0.9991487265349954,0.037786005367466444,0.6337198973938296,0.5308085805601356,0.03104893291120814,0.13593565635246727,0.25639121468019443,True,True
807,normal,0,12,0.9990107633354272,0.4527083288983685,0.9987722098752778,0.1181242344070095,0.4172248691197625,0.44976736684922414,0.12012852968580849,0.08202165561985568,0.12149589928538095,True,True
807,normal,1,12,0.9987450470177425,0.4613762201881938,0.9958067164080655,0.14161322765797243,0.4172248691197625,0.44976736684922414,0.12012852968580849,0.08202165561985568,0.12149589928538095,True,True
807,normal,2,12,0.9980447674339369,0.46003237575149425,0.9947363213138385,0.13589469431395057,0.4172248691197625,0.44976736684922414,0.12012852968580849,0.08202165561985568,0.12149589928538095,True,True
807,normal,3,12,0.9981639768193195,0.4580988031705911,0.9949771124744736,0.12072226346964107,0.4172248691197625,0.44976736684922414,0.12012852968580849,0.08202165561985568,0.12149589928538095,True,True
807,normal,4,12,0.9991759192995102,0.45280060250944043,0.9985987586661319,0.12080637605282218,0.4172248691197625,0.44976736684922414,0.12012852968580849,0.08202165561985568,0.12149589928538095,True,True
807,nonnormal,0,12,0.999482164160814,0.5862924486964907,0.9995208683194245,0.5324382583849343,0.6656402086297306,0.5960625433274883,0.5418772553073803,0.12161697761837771,0.24899522699318646,True,True
807,nonnormal,1,12,0.9990814642081242,0.602772333602899,0.9991018980599269,0.5552861766340802,0.6656402086297306,0.5960625433274883,0.5418772553073803,0.12161697761837771,0.24899522699318646,True,True
807,nonnormal,2,12,0.9993597410971103,0.600703828398062,0.9993736024351766,0.5485450248102739,0.6656402086297306,0.5960625433274883,0.5418772553073803,0.12161697761837771,0.24899522699318646,True,True
807,nonnormal,3,12,0.9989640273325192,0.5912830680290184,0.9989059898880444,0.540477898210048,0.6656402086297306,0.5960625433274883,0.5418772553073803,0.12161697761837771,0.24899522699318646,True,True
807,nonnormal,4,12,0.9986912160169357,0.5818462424270212,0.9986539941721676,0.5204576746316587,0.6656402086297306,0.5960625433274883,0.5418772553073803,0.12161697761837771,0.24899522699318646,True,True
