arm,draw_index,writer_type,horizon,retained_rank,store_dim,J_invertible_hold,J_after_disposal,retained_fraction,sensitivity_norm_retained_fraction,accuracy_invertible,accuracy_after_disposal,information_actually_destroyed
X2_noninvertible_disposal,800,normal,256,8,16,0.1469707330672399,0.06587982540511805,0.44825132208449747,0.5393000711190451,0.7173717432184943,0.6498835087067468,True
X2_noninvertible_disposal,800,nonnormal,256,8,16,0.2244125044871248,0.13419983268683405,0.5980051467877695,0.4938347054977463,0.761328645508702,0.708668622172184,True
X2_noninvertible_disposal,801,normal,256,8,16,0.16257893381647384,0.07565948483683904,0.46537077750950656,0.43867466485465006,0.7273494262717337,0.660047965259496,True
X2_noninvertible_disposal,801,nonnormal,256,8,16,0.24004636414770003,0.15337062169748764,0.6389208278244073,0.5082177268314726,0.7688052518215354,0.7215453519966051,True
X2_noninvertible_disposal,802,normal,256,8,16,0.15483926470548506,0.021966067199259802,0.14186367547689388,0.24193424598892507,0.722486565308794,0.5879653923948327,True
X2_noninvertible_disposal,802,nonnormal,256,8,16,0.2555645457882732,0.08893853032874843,0.348008093432612,0.4646022310854752,0.7758645603755652,0.6726846472196097,True
X2_noninvertible_disposal,803,normal,256,8,16,0.15635687704048096,0.141045620990208,0.9020749432958497,0.6955434822092024,0.7234528595949983,0.7133985163173429,True
X2_noninvertible_disposal,803,nonnormal,256,8,16,0.2502377942964972,0.1372214825831646,0.5483643386840923,0.4490676385855561,0.7734800208771083,0.7107753630097549,True
X2_noninvertible_disposal,804,normal,256,8,16,0.1282354077536773,0.026622273329999002,0.20760469979661741,0.21741651703671971,0.7044178509291197,0.5966730587487068,True
X2_noninvertible_disposal,804,nonnormal,256,8,16,0.23135388309342175,0.05106359642730057,0.22071640097210238,0.22024146679697235,0.7646956170800177,0.6326796294707959,True
X2_noninvertible_disposal,805,normal,256,8,16,0.12976967932021732,0.043440908397351846,0.334753916515104,0.23040981990167975,0.7055233249602662,0.6227218590642754,True
X2_noninvertible_disposal,805,nonnormal,256,8,16,0.29250384071303576,0.18680716394879648,0.6386485848986365,0.48679514801167434,0.7913901939062202,0.7416103253824871,True
X2_noninvertible_disposal,806,normal,256,8,16,0.1312753800087335,0.04272932420148441,0.32549381459525545,0.387717076490327,0.7066000345534522,0.621744650286259,True
X2_noninvertible_disposal,806,nonnormal,256,8,16,0.25639121468019455,0.12309890210741933,0.4801213733511297,0.4093210184138474,0.7762311126454775,0.7006537856828516,True
X2_noninvertible_disposal,807,normal,256,8,16,0.12149589928538095,0.06687256833475982,0.5504100856744414,0.5479831175537635,0.6994585663782278,0.6509534874307479,True
X2_noninvertible_disposal,807,nonnormal,256,8,16,0.24899522699318644,0.16557325644257614,0.6649655836459344,0.7127117352630702,0.7729180715739742,0.7291884553353545,True
