draw_index,writer_type,condition,horizon,episodes,J,empirical_J,predicted_accuracy,recalibrated_accuracy,absolute_error,binomial_se_at_chance,predicted_departure_from_chance_in_se,observed_departure_from_chance_in_se,resolvable_above_chance
800,normal,open,1024,500000,0.0011520960206839006,0.001105268667147987,0.5203028994944447,0.520406,0.00010310050555528694,0.0007071067811865475,28.712635820541617,28.858441953785427,True
800,normal,open,4096,500000,0.0001745712188051618,0.00021685942219286516,0.5079060438157297,0.505742,0.002164043815729655,0.0007071067811865475,11.180834388920848,8.120414275146347,True
800,nonnormal,open,1024,500000,0.0026448443990976867,0.002545298723404676,0.5307447395717648,0.53105,0.00030526042823519894,0.0007071067811865475,43.479627674018595,43.91133111168463,True
800,nonnormal,open,4096,500000,0.0004717828123163671,0.0005001871137299074,0.5129955765869046,0.512404,0.0005915765869046741,0.0007071067811865475,18.378520660058804,17.54190502767583,True
801,normal,open,1024,500000,0.001267994677066374,0.001343557512021917,0.5212987233835867,0.520406,0.0008927233835867021,0.0007071067811865475,30.12094347030134,28.858441953785427,True
801,normal,open,4096,500000,0.00013936366210843163,0.00016793309470784887,0.5070640441269911,0.506178,0.0008860441269911146,0.0007071067811865475,9.990067009592869,8.737011388341005,True
801,nonnormal,open,1024,500000,0.002513132668291349,0.0025160188487445374,0.5299709077600425,0.52954,0.0004309077600425093,0.0007071067811865475,42.38526423088517,41.77586863250124,True
801,nonnormal,open,4096,500000,0.00017014663918620183,0.00018350642588985415,0.5078052227728523,0.508384,0.0005787772271476088,0.0007071067811865475,11.038251902711112,11.856766506935955,True
802,normal,open,1024,500000,0.0009921741213492299,0.0010298076873982319,0.5188422911689661,0.51946,0.0006177088310339585,0.0007071067811865475,26.647023717334623,27.520595923780476,True
802,normal,open,4096,500000,0.0003199251832223046,0.00028525636680336124,0.510702209245854,0.510824,0.0001217907541459784,0.0007071067811865475,15.135209462841413,15.307447599126302,True
802,nonnormal,open,1024,500000,0.002793798299879911,0.002718192189159435,0.531596868351526,0.53178,0.00018313164847405528,0.0007071067811865475,44.684719751245254,44.943707012217004,True
802,nonnormal,open,4096,500000,0.0006704355730161221,0.0007793209310354015,0.5154906868028617,0.515942,0.0004513131971383144,0.0007071067811865475,21.90713936708093,22.545392611351897,True
803,normal,open,1024,500000,0.0012020908835331297,0.001237955661928402,0.5207383518689921,0.521296,0.0005576481310078929,0.0007071067811865475,29.328458474394036,30.117092024297406,True
803,normal,open,4096,500000,0.00020371784361324752,0.0002617364565842597,0.5085404879357396,0.5086,5.951206426046962e-05,0.0007071067811865475,12.078073868006715,12.162236636408691,True
803,nonnormal,open,1024,500000,0.0022872731302120797,0.0022614647680887427,0.5285948590679953,0.52857,2.4859067995319784e-05,0.0007071067811865475,40.43923750810624,40.4040814769993,True
803,nonnormal,open,4096,500000,0.000606172854503918,0.0006008071997698834,0.5147299358097807,0.513648,0.0010819358097806653,0.0007071067811865475,20.831274995076928,19.30118669926799,True
804,normal,open,1024,500000,0.0013286173851401154,0.0012125351845885235,0.5218014286683961,0.521674,0.00012742866839610123,0.0007071067811865475,30.83187610195533,30.65166475087442,True
804,normal,open,4096,500000,0.000284817067802509,0.0002461732859381315,0.5100980600029111,0.510648,0.0005499399970888552,0.0007071067811865475,14.280813409774224,15.058546012148703,True
804,nonnormal,open,1024,500000,0.00327532792723682,0.0032594948288585885,0.5342054698010046,0.53285,0.0013554698010045385,0.0007071067811865475,48.373839299924015,46.45691552395624,True
804,nonnormal,open,4096,500000,0.0004521124713118067,0.00046412937213241925,0.5127218696710936,0.512712,9.869671093620802e-06,0.0007071067811865475,17.991440627603467,17.97748280488671,True
805,normal,open,1024,500000,0.0014977314073171917,0.0015906054519388873,0.5231459188951363,0.522816,0.00032991889513633854,0.0007071067811865475,32.73327241508942,32.26669663910446,True
805,normal,open,4096,500000,0.00014341694413624043,0.00013234596803930122,0.5071660230486819,0.507952,0.0007859769513181014,0.0007071067811865475,10.134286983724078,11.245826247990793,True
805,nonnormal,open,1024,500000,0.001011678378177559,0.0011339220445708586,0.519026452517865,0.518148,0.0008784525178648916,0.0007071067811865475,26.907467194612327,25.665147729947005,True
805,nonnormal,open,4096,500000,0.0006966987177483115,0.0007165731252915075,0.5157910270576884,0.515556,0.00023502705768840837,0.0007071067811865475,22.331884628783477,21.999506176275887,True
806,normal,open,1024,500000,0.0008048175162684478,0.0009062898628702212,0.5169714511234563,0.51618,0.0007914511234563548,0.0007071067811865475,24.00125635194404,22.88197543919664,True
806,normal,open,4096,500000,0.0002880706377397565,0.00029029386122093713,0.5101555607547362,0.510232,7.643924526379298e-05,0.0007071067811865475,14.362131752851916,14.470233170201535,True
806,nonnormal,open,1024,500000,0.0019114878358736061,0.0017906861572933093,0.526144231336612,0.525552,0.0005922313366120147,0.0007071067811865475,36.97352653405641,36.13598494575735,True
806,nonnormal,open,4096,500000,0.00035323473202697654,0.000309191917019275,0.5112454153201801,0.511602,0.0003565846798199157,0.0007071067811865475,15.903418860316858,16.40770575065265,True
807,normal,open,1024,500000,0.0009702831160104601,0.0009542166791101712,0.5186334196196231,0.51905,0.0004165803803769519,0.0007071067811865475,26.35163473945985,26.94076836320748,True
807,normal,open,4096,500000,0.00018644700617191247,0.000240447834239654,0.5081705006329574,0.506754,0.001416500632957396,0.0007071067811865475,11.55483280650636,9.551598400267938,True
807,nonnormal,open,1024,500000,0.0025602282197592554,0.002330578848568083,0.5302498945609142,0.529524,0.0007258945609142087,0.0007071067811865475,42.77981114840099,41.75324121550325,True
807,nonnormal,open,4096,500000,0.0004891718026795264,0.0005467213957079137,0.5132328189790017,0.513766,0.0005331810209981969,0.0007071067811865475,18.714032068532365,19.46806389962795,True
